,AGG,TIP,SHY,TLT,VNQ,XLE
2015-12-01,108.82,111.21,84.58,122.83,80.49,68.56
2015-12-02,108.67,110.83,84.51,122.87,78.85,66.44
2015-12-03,107.89,110.14,84.51,119.54,77.61,65.11
2015-12-04,108.24,110.42,84.53,120.58,79.08,64.74
2015-12-07,108.4,110.38,84.52,121.75,78.85,62.26
2015-12-08,108.44,110.41,84.51,121.81,78.8,61.6
2015-12-09,108.44,110.2,84.54,121.7,78.36,62.41
2015-12-10,108.42,109.96,84.49,121.84,77.8,62.81
2015-12-11,108.69,110.32,84.59,123.76,77.63,60.47
2015-12-14,108.18,109.53,84.49,122.15,78.02,60.78
2015-12-15,108.19,109.47,84.48,121.44,78.86,62.28
2015-12-16,108.0,109.15,84.41,121.18,80.41,61.9
2015-12-17,108.15,109.53,84.41,122.6,80.01,60.38
2015-12-18,108.38,109.83,84.52,123.21,79.08,58.78
2015-12-21,108.28,109.63,84.51,123.2,79.39,58.85
2015-12-22,108.2,109.48,84.49,122.31,79.71,59.52
2015-12-23,108.18,109.58,84.46,121.39,79.42,62.09
2015-12-24,107.99,109.77,84.45,121.83,79.42,61.57
2015-12-28,108.01,109.8,84.4,122.19,79.86,60.45
2015-12-29,107.74,109.47,84.38,120.16,80.71,60.87
2015-12-30,107.72,109.5,84.4,120.04,80.43,60.05
2015-12-31,108.01,109.68,84.36,120.62,79.73,60.55
2016-01-04,107.97,110.11,84.47,121.45,78.77,60.3
2016-01-05,108.02,110.04,84.42,120.96,80.27,60.53
2016-01-06,108.43,110.39,84.47,122.59,80.07,58.2
2016-01-07,108.42,110.3,84.5,122.81,78.51,56.78
2016-01-08,108.66,110.39,84.56,123.36,77.46,56.05
2016-01-11,108.35,109.81,84.59,122.01,77.9,54.85
2016-01-12,108.59,110.11,84.6,123.71,77.38,55.0
2016-01-13,108.84,110.34,84.65,124.99,76.27,53.66
2016-01-14,108.8,110.24,84.67,123.82,76.09,55.97
2016-01-15,108.93,110.24,84.74,125.78,75.57,54.35
2016-01-19,108.82,110.13,84.73,125.36,75.97,53.18
2016-01-20,108.91,110.19,84.79,126.68,73.93,51.8
2016-01-21,108.76,109.79,84.78,125.82,74.32,53.35
2016-01-22,108.84,109.95,84.75,125.34,76.41,55.79
2016-01-25,108.78,110.16,84.75,126.02,75.93,53.2
2016-01-26,108.92,110.44,84.79,126.12,77.52,55.15
2016-01-27,108.94,110.72,84.81,126.05,76.02,54.89
2016-01-28,109.03,110.95,84.81,126.23,75.44,56.56
2016-01-29,109.31,111.4,84.91,127.3,76.97,58.24
2016-02-01,108.99,111.2,84.82,126.67,77.12,57.18
2016-02-02,109.32,111.54,84.93,129.02,76.42,55.32
2016-02-03,109.31,111.68,84.95,127.95,76.93,57.31
2016-02-04,109.42,111.7,84.97,128.57,76.97,57.27
2016-02-05,109.32,111.39,84.95,128.72,75.51,55.96
2016-02-08,109.74,111.47,85.05,131.49,73.3,55.71
2016-02-09,109.73,111.22,85.02,131.63,72.0,54.33
2016-02-10,110.0,111.63,85.02,132.79,72.5,54.09
2016-02-11,110.07,112.02,85.1,133.72,71.47,53.87
2016-02-12,109.77,111.6,85.0,131.5,72.29,55.28
2016-02-16,109.5,111.14,84.95,130.11,73.62,55.83
2016-02-17,109.44,110.95,84.97,129.31,74.25,57.64
2016-02-18,109.77,111.26,85.04,130.9,75.0,56.94
2016-02-19,109.79,111.35,84.96,131.005,75.43,56.81
2016-02-22,109.84,111.62,84.97,130.94,76.15,58.25
2016-02-23,109.84,111.96,84.98,131.47,75.95,56.31
2016-02-24,109.88,112.21,85.0,131.21,75.86,56.87
2016-02-25,110.16,112.67,85.02,131.68,77.41,56.9
2016-02-26,109.96,112.38,84.91,130.41,77.01,57.23
2016-02-29,110.09,112.76,84.96,130.98,76.71,56.66
2016-03-01,109.54,112.45,84.8,128.43,78.87,58.06
2016-03-02,109.42,112.69,84.79,128.96,79.44,59.49
2016-03-03,109.55,112.92,84.82,129.43,79.86,60.42
2016-03-04,109.38,112.57,84.76,128.6,79.87,60.97
2016-03-07,109.35,112.12,84.7,128.56,80.08,62.35
2016-03-08,109.62,112.55,84.76,129.98,79.26,59.77
2016-03-09,109.57,112.48,84.73,129.19,79.7,60.74
2016-03-10,109.62,112.09,84.72,128.66,79.41,60.79
2016-03-11,109.42,112.05,84.64,127.36,81.23,62.37
2016-03-14,109.48,111.92,84.64,127.76,81.2,61.93
2016-03-15,109.38,111.7,84.67,127.88,81.24,61.78
2016-03-16,109.85,112.89,84.84,128.26,82.22,62.9
2016-03-17,110.08,113.14,84.83,128.79,83.38,63.75
2016-03-18,110.17,113.52,84.85,129.06,83.03,63.47
2016-03-21,109.93,113.55,84.84,128.07,81.36,63.18
2016-03-22,109.85,113.26,84.79,128.04,81.36,62.97
2016-03-23,110.07,113.38,84.84,129.49,80.89,61.52
2016-03-24,110.11,113.12,84.8,129.54,80.95,61.79
2016-03-28,110.19,113.26,84.82,129.71,81.68,61.53
2016-03-29,110.52,114.45,84.98,131.07,83.45,61.79
2016-03-30,110.48,114.52,84.99,129.69,83.29,61.9
2016-03-31,110.84,114.64,85.03,130.61,83.8,61.92
2016-04-01,110.51,114.73,84.93,130.68,83.69,61.0
2016-04-04,110.62,114.87,84.99,130.76,83.54,60.62
2016-04-05,110.77,114.99,85.02,132.19,83.02,60.18
2016-04-06,110.75,114.69,84.99,131.23,83.22,61.42
2016-04-07,110.99,115.09,85.04,132.85,82.7,61.15
2016-04-08,110.88,114.86,85.04,132.01,83.16,62.44
2016-04-11,110.96,114.57,85.03,131.84,82.99,62.14
2016-04-12,110.78,114.09,85.01,130.93,83.57,63.98
2016-04-13,110.83,114.19,84.97,131.39,83.22,64.28
2016-04-14,110.64,113.92,84.97,130.76,82.76,64.41
2016-04-15,110.95,114.33,85.03,131.88,83.38,63.53
2016-04-18,110.94,114.31,85.02,131.31,83.78,64.58
2016-04-19,110.93,114.51,84.99,130.9,83.83,65.85
2016-04-20,110.66,114.03,84.93,129.46,82.39,66.48
2016-04-21,110.51,113.89,84.91,128.69,80.93,66.11
2016-04-22,110.52,113.82,84.91,128.36,81.77,67.02
2016-04-25,110.4,113.69,84.89,127.83,82.47,66.27
2016-04-26,110.35,113.64,84.87,127.25,82.81,67.32
2016-04-27,110.68,114.33,84.93,128.52,82.75,68.6
2016-04-28,110.9,114.93,84.98,129.05,82.57,67.66
2016-04-29,110.89,114.88,85.01,129.38,81.83,67.51
2016-05-02,110.61,114.5,84.93,127.82,83.11,67.39
2016-05-03,110.81,114.55,85.02,129.43,83.18,65.83
2016-05-04,110.86,114.68,85.01,130.14,84.41,64.88
2016-05-05,111.14,115.05,85.04,131.01,84.66,65.42
2016-05-06,110.97,114.65,85.02,130.45,85.58,65.27
2016-05-09,111.04,114.72,85.06,130.86,86.53,64.32
2016-05-10,111.09,115.07,85.08,130.87,86.52,65.42
2016-05-11,111.09,115.05,85.05,131.61,84.65,65.63
2016-05-12,110.99,114.97,85.0,131.01,85.2,65.83
2016-05-13,111.2,115.25,85.01,132.28,84.39,65.02
2016-05-16,111.01,115.12,84.97,131.14,85.19,66.06
2016-05-17,110.86,115.2,84.94,131.36,83.62,66.38
2016-05-18,110.4,114.2,84.79,129.49,82.31,65.73
2016-05-19,110.47,114.15,84.81,130.05,81.39,65.79
2016-05-20,110.54,114.09,84.84,130.15,82.05,66.21
2016-05-23,110.52,114.15,84.83,130.44,82.04,66.0
2016-05-24,110.46,114.04,84.77,129.86,83.07,66.32
2016-05-25,110.48,114.13,84.82,129.37,83.06,67.3
2016-05-26,110.65,114.46,84.87,130.04,83.22,67.09
2016-05-27,110.63,114.31,84.82,129.85,83.69,67.12
2016-05-31,110.7,114.14,84.86,130.16,83.69,66.87
2016-06-01,110.41,113.93,84.75,130.42,83.73,66.93
2016-06-02,110.7,114.32,84.82,131.36,84.17,66.82
2016-06-03,111.3,115.06,84.96,133.23,84.51,66.59
2016-06-06,111.15,115.19,84.94,132.24,83.86,68.0
2016-06-07,111.25,115.5,84.96,132.56,84.34,69.5
2016-06-08,111.29,115.77,84.98,133.27,84.93,69.4
2016-06-09,111.37,115.81,85.0,134.13,85.1,68.97
2016-06-10,111.52,115.81,85.05,134.78,84.73,67.51
2016-06-13,111.61,115.66,85.07,135.38,84.69,67.19
2016-06-14,111.56,115.37,85.08,135.28,84.47,67.12
2016-06-15,111.8,115.91,85.18,135.8,85.29,66.97
2016-06-16,111.87,115.68,85.13,136.46,85.77,66.68
2016-06-17,111.79,115.39,85.11,135.61,85.64,66.9
2016-06-20,111.49,115.06,85.09,134.16,85.7,67.47
2016-06-21,111.4,114.71,85.03,133.54,85.32,68.23
2016-06-22,111.47,115.02,85.06,133.76,85.19,67.89
2016-06-23,111.28,115.06,85.03,132.23,85.62,69.01
2016-06-24,111.86,115.78,85.2,135.78,84.87,66.78
2016-06-27,112.33,116.12,85.28,139.17,84.92,64.73
2016-06-28,112.47,116.52,85.31,139.46,86.69,66.38
2016-06-29,112.39,116.45,85.28,138.39,87.81,67.7
2016-06-30,112.57,116.67,85.32,138.9,88.67,68.24
2016-07-01,112.65,117.06,85.3,140.57,88.69,68.6
2016-07-05,112.95,117.25,85.34,142.33,89.65,67.24
2016-07-06,113.16,117.53,85.3,142.56,89.28,67.47
2016-07-07,113.08,117.29,85.26,142.55,88.34,66.83
2016-07-08,113.25,117.55,85.26,143.6,89.74,67.71
2016-07-11,112.95,116.98,85.17,142.34,90.37,67.78
2016-07-12,112.56,116.57,85.14,140.0,90.39,69.45
2016-07-13,112.77,116.84,85.16,141.65,90.89,68.9
2016-07-14,112.67,116.54,85.11,139.59,90.08,69.21
2016-07-15,112.26,116.41,85.07,138.39,90.11,69.23
2016-07-18,112.34,116.33,85.12,138.26,90.35,69.28
2016-07-19,112.51,116.36,85.13,139.04,90.75,68.9
2016-07-20,112.41,116.1,85.09,138.28,90.77,68.82
2016-07-21,112.51,116.18,85.15,138.56,90.98,68.11
2016-07-22,112.53,116.08,85.12,138.8,91.78,68.32
2016-07-25,112.41,115.83,85.06,138.7,91.61,67.0
2016-07-26,112.4,116.03,85.07,138.92,91.14,67.37
2016-07-27,112.73,116.48,85.13,140.65,90.45,66.68
2016-07-28,112.72,116.64,85.12,140.39,91.31,66.68
2016-07-29,113.03,116.9,85.23,141.56,92.45,67.4
2016-08-01,112.55,115.75,85.15,139.77,92.63,65.27
2016-08-02,112.22,115.18,85.12,138.33,91.12,65.75
2016-08-03,112.34,115.51,85.13,138.41,90.64,67.05
2016-08-04,112.55,115.99,85.19,139.45,90.27,66.9
2016-08-05,112.17,115.71,85.07,138.0,90.38,67.52
2016-08-08,112.24,115.79,85.04,138.26,90.48,68.4
2016-08-09,112.53,116.07,85.09,139.62,90.97,68.06
2016-08-10,112.66,116.1,85.13,140.16,90.84,67.35
2016-08-11,112.36,115.79,85.05,138.91,89.85,68.33
2016-08-12,112.63,116.09,85.11,140.08,90.23,68.69
2016-08-15,112.42,115.79,85.09,138.76,90.14,69.22
2016-08-16,112.36,115.63,85.06,138.39,89.06,69.34
2016-08-17,112.57,115.98,85.06,139.22,89.42,69.55
2016-08-18,112.73,116.18,85.12,139.44,89.11,70.9
2016-08-19,112.48,115.99,85.04,138.71,88.53,70.41
2016-08-22,112.65,116.23,85.05,139.88,89.01,69.71
2016-08-23,112.68,116.39,85.06,140.03,89.04,70.12
2016-08-24,112.64,116.21,85.04,139.7,88.66,69.83
2016-08-25,112.52,116.15,85.01,139.17,89.04,69.65
2016-08-26,112.34,115.7,84.93,138.36,88.21,69.41
2016-08-29,112.65,116.12,84.98,140.21,89.1,69.87
2016-08-30,112.59,116.02,84.99,139.67,88.87,69.57
2016-08-31,112.57,116.04,84.98,139.87,88.97,68.54
2016-09-01,112.46,115.72,84.97,139.77,88.75,68.37
2016-09-02,112.31,115.59,84.97,138.63,89.55,69.04
2016-09-06,112.55,116.14,85.03,139.64,90.22,70.12
2016-09-07,112.61,116.29,85.03,139.54,90.75,70.52
2016-09-08,112.22,115.88,84.97,137.79,89.64,71.8
2016-09-09,111.73,115.08,84.94,135.52,86.07,69.76
2016-09-12,111.8,115.12,84.97,135.59,87.11,70.4
2016-09-13,111.51,114.61,84.94,134.05,84.36,68.41
2016-09-14,111.65,114.79,84.99,134.25,84.61,67.57
2016-09-15,111.72,114.76,85.06,133.67,84.93,68.41
2016-09-16,111.8,114.95,85.02,134.75,84.97,67.45
2016-09-19,111.71,114.81,85.0,134.31,85.74,67.41
2016-09-20,111.75,114.79,84.98,134.78,85.61,66.92
2016-09-21,112.03,115.33,85.0,135.87,86.71,68.47
2016-09-22,112.26,115.9,84.98,136.95,88.26,68.55
2016-09-23,112.23,116.22,85.03,136.82,88.53,67.64
2016-09-26,112.37,116.27,85.08,137.69,88.74,67.34
2016-09-27,112.51,116.37,85.09,138.7,87.8,66.89
2016-09-28,112.54,116.51,85.08,138.4,88.52,69.78
2016-09-29,112.54,116.49,85.11,138.75,87.34,69.66
2016-09-30,112.42,116.49,85.04,137.51,86.74,70.61
2016-10-03,112.09,116.38,84.98,136.81,85.12,70.56
2016-10-04,111.71,115.81,84.91,135.21,83.96,69.84
2016-10-05,111.56,115.62,84.86,134.58,82.26,70.91
2016-10-06,111.56,115.68,84.86,133.83,82.29,71.02
2016-10-07,111.58,115.65,84.89,133.92,82.15,70.61
2016-10-10,111.53,115.49,84.85,133.13,82.66,71.72
2016-10-11,111.36,115.4,84.84,132.83,81.86,70.9
2016-10-12,111.4,115.36,84.84,132.96,82.8,70.6
2016-10-13,111.56,115.54,84.87,133.46,83.45,70.21
2016-10-14,111.37,115.43,84.85,131.59,83.08,69.8
2016-10-17,111.56,115.95,84.92,132.43,83.26,69.46
2016-10-18,111.74,116.02,84.95,132.86,83.79,69.74
2016-10-19,111.8,116.18,84.95,132.97,83.97,70.73
2016-10-20,111.76,116.0,84.91,133.11,83.78,70.65
2016-10-21,111.83,116.13,84.93,133.31,83.47,70.19
2016-10-24,111.66,115.95,84.9,132.73,83.66,69.98
2016-10-25,111.66,116.13,84.9,133.08,83.51,69.66
2016-10-26,111.44,116.01,84.87,132.18,82.42,69.82
2016-10-27,111.16,115.51,84.89,130.74,80.26,69.56
2016-10-28,111.16,115.64,84.89,130.45,80.45,69.37
2016-10-31,111.3,115.86,84.95,131.25,81.76,68.62
2016-11-01,111.03,115.87,84.9,131.01,79.98,68.63
2016-11-02,111.16,115.92,84.95,131.58,78.81,67.87
2016-11-03,111.01,115.59,84.96,130.57,78.2,68.14
2016-11-04,111.24,115.89,84.99,131.74,78.82,67.77
2016-11-07,111.11,115.83,84.96,130.62,80.2,69.23
2016-11-08,110.93,115.63,84.87,130.09,80.62,69.32
2016-11-09,109.9,114.77,84.76,124.57,79.43,70.45
2016-11-10,109.45,114.57,84.73,122.73,78.07,70.75
2016-11-11,109.25,114.25,84.73,122.04,78.54,69.46
2016-11-14,108.81,113.37,84.6,121.31,80.4,69.85
2016-11-15,108.89,113.44,84.63,121.91,79.73,71.82
2016-11-16,109.13,113.68,84.62,123.01,79.5,71.32
2016-11-17,108.72,113.49,84.61,121.2,78.69,70.84
2016-11-18,108.37,113.32,84.56,120.85,78.92,71.13
2016-11-21,108.46,113.59,84.55,121.15,78.68,72.82
2016-11-22,108.56,113.69,84.53,121.11,80.06,72.78
2016-11-23,108.18,113.31,84.48,120.64,79.72,73.08
2016-11-25,108.17,113.12,84.47,120.82,80.18,72.72
2016-11-28,108.55,113.29,84.52,121.71,80.55,71.71
2016-11-29,108.67,113.4,84.53,122.22,81.32,70.83
2016-11-30,108.24,113.46,84.5,120.24,80.39,74.43
2016-12-01,107.68,112.89,84.41,118.73,79.21,74.61
2016-12-02,108.02,112.95,84.5,119.6,80.0,74.83
2016-12-05,108.11,113.11,84.5,119.47,80.59,75.49
2016-12-06,108.09,113.33,84.48,119.38,81.11,75.35
2016-12-07,108.37,113.43,84.51,120.4,82.73,75.95
2016-12-08,108.17,113.32,84.5,118.98,83.3,76.36
2016-12-09,107.84,112.8,84.49,117.5,83.21,76.6
2016-12-12,107.74,112.78,84.46,117.72,83.76,76.96
2016-12-13,107.88,112.74,84.45,118.14,83.72,77.83
2016-12-14,107.29,111.85,84.29,116.82,81.89,76.27
2016-12-15,107.16,111.15,84.25,117.41,81.41,76.44
2016-12-16,107.23,111.09,84.29,117.14,82.63,76.51
2016-12-19,107.51,111.55,84.33,118.4,83.52,76.16
2016-12-20,107.41,111.66,84.34,117.81,83.71,75.99
2016-12-21,107.64,111.94,84.38,118.33,82.44,76.11
2016-12-22,107.39,112.29,84.34,117.81,80.61,76.42
2016-12-23,107.42,112.42,84.34,118.05,80.82,76.35
2016-12-27,107.34,112.37,84.3,117.67,80.99,76.52
2016-12-28,107.51,112.66,84.33,118.53,80.5,75.69
2016-12-29,107.84,112.8,84.42,118.95,81.5,75.54
2016-12-30,108.06,113.17,84.45,119.13,82.53,75.32
2017-01-03,108.17,113.28,84.38,119.64,82.8,76.17
2017-01-04,108.2,113.53,84.4,120.1,84.01,76.01
2017-01-05,108.65,113.92,84.46,121.98,84.28,75.82
2017-01-06,108.29,113.45,84.39,120.86,84.29,75.89
2017-01-09,108.47,113.63,84.46,121.83,83.53,74.79
2017-01-10,108.44,113.72,84.43,121.75,82.82,74.11
2017-01-11,108.57,114.08,84.47,122.16,82.31,74.91
2017-01-12,108.61,114.18,84.5,121.89,82.73,74.6
2017-01-13,108.42,113.98,84.46,121.31,82.61,74.38
2017-01-17,108.79,114.34,84.52,122.58,83.25,74.84
2017-01-18,108.32,113.78,84.44,121.01,83.39,74.67
2017-01-19,108.04,113.69,84.41,120.18,82.54,74.26
2017-01-20,108.08,113.71,84.46,119.94,83.14,74.54
2017-01-23,108.38,114.17,84.54,121.14,83.84,73.75
2017-01-24,108.21,113.98,84.49,120.31,83.86,74.56
2017-01-25,107.92,113.61,84.47,118.8,83.31,74.95
2017-01-26,107.99,113.78,84.48,119.2,83.15,75.01
2017-01-27,108.08,113.97,84.52,119.63,82.34,74.23
2017-01-30,108.03,113.94,84.52,119.27,81.78,72.87
2017-01-31,108.29,114.18,84.54,120.1,82.37,72.9
2017-02-01,107.92,113.94,84.46,119.1,81.38,72.36
2017-02-02,107.98,113.95,84.49,119.05,82.35,72.77
2017-02-03,108.01,113.83,84.46,119.0,82.8,73.4
2017-02-06,108.32,114.11,84.55,119.72,82.66,72.78
2017-02-07,108.43,114.06,84.53,120.6,82.37,71.75
2017-02-08,108.74,114.33,84.61,122.24,83.02,71.92
2017-02-09,108.48,114.11,84.54,120.83,83.22,72.73
2017-02-10,108.46,114.2,84.53,120.76,83.81,73.28
2017-02-13,108.3,114.02,84.51,120.38,83.84,73.42
2017-02-14,108.06,113.75,84.45,119.51,83.4,73.66
2017-02-15,107.89,113.9,84.42,118.96,83.12,73.37
2017-02-16,108.12,113.9,84.46,119.61,83.61,72.37
2017-02-17,108.36,114.16,84.52,120.32,83.77,71.97
2017-02-21,108.35,114.15,84.53,120.11,84.84,72.46
2017-02-22,108.42,114.36,84.55,120.31,84.56,71.36
2017-02-23,108.6,114.63,84.59,120.67,85.0,71.66
2017-02-24,109.0,114.96,84.63,122.01,85.4,70.99
2017-02-27,108.8,114.65,84.56,121.29,85.85,71.6
2017-02-28,108.77,114.65,84.52,121.74,85.26,71.38
2017-03-01,108.04,113.96,84.4,119.47,85.0,72.81
2017-03-02,107.84,113.6,84.31,119.04,84.54,72.12
2017-03-03,107.92,113.86,84.33,119.35,84.21,71.99
2017-03-06,107.87,113.74,84.35,118.78,83.83,72.15
2017-03-07,107.73,113.54,84.32,118.42,83.43,71.51
2017-03-08,107.47,113.05,84.25,117.78,81.89,69.65
2017-03-09,107.14,112.75,84.24,116.84,80.66,70.11
2017-03-10,107.3,112.96,84.29,117.25,80.41,70.01
2017-03-13,107.12,112.7,84.25,116.51,80.61,70.02
2017-03-14,107.16,112.62,84.24,117.07,80.59,69.23
2017-03-15,107.78,113.64,84.4,118.5,82.22,70.77
2017-03-16,107.66,113.56,84.34,117.9,82.06,70.27
2017-03-17,107.89,113.81,84.38,118.64,82.44,69.8
2017-03-20,108.05,113.98,84.43,119.15,82.37,69.7
2017-03-21,108.27,114.06,84.47,120.14,82.01,69.21
2017-03-22,108.42,114.25,84.49,120.62,81.37,69.11
2017-03-23,108.45,114.12,84.49,120.45,81.97,68.83
2017-03-24,108.36,114.45,84.49,120.88,81.88,68.56
2017-03-27,108.62,114.67,84.52,121.43,81.14,68.24
2017-03-28,108.37,114.29,84.48,120.62,81.49,69.21
2017-03-29,108.61,114.59,84.53,121.34,81.95,70.16
2017-03-30,108.41,114.31,84.51,120.36,82.1,70.14
2017-03-31,108.49,114.65,84.52,120.71,82.59,69.9
2017-04-03,108.67,114.77,84.54,121.67,82.83,69.78
2017-04-04,108.57,114.64,84.51,121.01,82.83,70.29
2017-04-05,108.69,114.86,84.51,121.38,82.95,70.07
2017-04-06,108.68,114.8,84.53,121.2,83.39,70.63
2017-04-07,108.44,114.35,84.42,120.71,83.51,70.36
2017-04-10,108.58,114.41,84.46,121.27,84.03,70.89
2017-04-11,108.89,114.63,84.54,122.42,84.61,70.9
2017-04-12,109.13,115.06,84.6,123.09,84.46,70.6
2017-04-13,109.27,115.23,84.64,123.47,84.27,69.31
2017-04-17,109.21,114.96,84.63,123.09,85.29,69.46
2017-04-18,109.65,115.21,84.7,124.7,85.52,68.81
2017-04-19,109.48,115.0,84.66,124.02,85.4,67.8
2017-04-20,109.31,114.88,84.65,123.54,85.41,68.13
2017-04-21,109.34,114.72,84.69,123.54,85.1,67.79
2017-04-24,109.18,114.69,84.6,122.93,84.16,68.19
2017-04-25,108.82,114.5,84.52,121.45,84.51,68.77
2017-04-26,108.96,114.74,84.55,122.12,83.88,68.54
2017-04-27,109.06,114.84,84.58,122.08,83.66,67.79
2017-04-28,109.25,115.01,84.62,122.35,82.79,67.84
2017-05-01,108.73,114.34,84.5,121.08,83.28,67.65
2017-05-02,108.88,114.34,84.53,121.7,83.14,67.31
2017-05-03,108.77,114.09,84.47,121.78,82.03,67.5
2017-05-04,108.68,113.66,84.46,121.18,81.63,66.26
2017-05-05,108.7,113.75,84.49,121.29,82.4,67.31
2017-05-08,108.49,113.31,84.45,120.63,81.82,67.79
2017-05-09,108.5,113.21,84.41,120.62,81.38,67.23
2017-05-10,108.53,113.25,84.43,120.48,82.02,68.12
2017-05-11,108.52,113.59,84.44,120.48,81.61,67.98
2017-05-12,108.92,113.77,84.54,121.39,81.28,67.75
2017-05-15,108.88,113.47,84.53,121.06,81.52,68.28
2017-05-16,109.02,113.55,84.53,121.51,80.97,67.94
2017-05-17,109.58,114.21,84.62,123.28,81.3,67.27
2017-05-18,109.52,114.39,84.58,123.42,81.75,67.25
2017-05-19,109.52,114.59,84.6,123.71,82.19,68.08
2017-05-22,109.45,114.41,84.57,123.37,82.51,67.93
2017-05-23,109.24,114.24,84.54,122.54,82.58,68.09
2017-05-24,109.43,114.31,84.59,123.23,83.25,67.73
2017-05-25,109.48,114.13,84.59,123.27,83.26,66.5
2017-05-26,109.44,114.4,84.58,123.48,82.66,66.61
2017-05-30,109.65,114.65,84.61,124.09,82.14,65.72
2017-05-31,109.76,114.68,84.62,124.4,82.19,65.44
2017-06-01,109.48,114.37,84.54,124.15,82.62,65.85
2017-06-02,109.84,114.83,84.6,125.62,83.47,65.09
2017-06-05,109.67,114.53,84.53,124.84,83.11,65.21
2017-06-06,109.89,114.66,84.56,125.52,82.71,65.98
2017-06-07,109.76,114.39,84.53,124.92,83.29,65.05
2017-06-08,109.65,114.27,84.51,124.59,83.09,64.86
2017-06-09,109.56,114.17,84.48,124.4,83.67,66.42
2017-06-12,109.56,113.93,84.47,124.36,84.42,66.89
2017-06-13,109.59,114.12,84.47,124.38,84.61,67.39
2017-06-14,109.94,114.14,84.51,126.3,84.73,66.17
2017-06-15,109.87,113.58,84.48,126.1,85.16,65.67
2017-06-16,109.94,113.68,84.52,126.35,84.94,66.3
2017-06-19,109.79,113.55,84.47,126.17,84.95,65.88
2017-06-20,109.96,113.67,84.48,127.3,84.75,65.04
2017-06-21,109.98,113.85,84.49,127.56,84.58,63.99
2017-06-22,110.03,114.22,84.5,127.84,84.66,63.95
2017-06-23,110.05,114.31,84.55,127.78,84.15,64.38
2017-06-26,110.15,114.49,84.55,128.26,84.75,64.24
2017-06-27,109.82,113.95,84.5,126.89,83.99,64.14
2017-06-28,109.86,114.04,84.54,126.47,84.19,64.49
2017-06-29,109.65,113.59,84.49,125.41,83.23,64.63
2017-06-30,109.51,113.43,84.49,125.12,83.23,64.92
2017-07-03,109.09,112.93,84.36,124.46,84.29,66.17
2017-07-05,109.15,113.1,84.39,124.49,83.1,64.83
2017-07-06,108.94,112.81,84.41,123.46,81.54,64.11
2017-07-07,108.9,112.46,84.4,122.72,82.0,64.01
2017-07-10,108.95,112.41,84.44,122.9,81.25,64.22
2017-07-11,109.05,112.77,84.47,123.11,81.16,64.57
2017-07-12,109.38,113.1,84.51,123.96,82.16,64.75
2017-07-13,109.26,113.06,84.47,123.18,82.29,65.01
2017-07-14,109.37,113.05,84.51,123.33,83.08,65.4
2017-07-17,109.42,113.28,84.52,123.67,83.75,65.32
2017-07-18,109.67,113.6,84.54,124.75,83.57,65.01
2017-07-19,109.7,113.69,84.54,124.8,84.2,65.96
2017-07-20,109.73,113.41,84.54,125.16,83.81,65.76
2017-07-21,109.92,113.58,84.58,125.69,83.75,65.11
2017-07-24,109.82,113.58,84.55,125.2,83.59,64.99
2017-07-25,109.43,113.14,84.5,123.57,83.7,65.81
2017-07-26,109.64,113.47,84.56,123.77,84.28,65.88
2017-07-27,109.48,113.39,84.54,123.16,84.38,66.55
2017-07-28,109.7,113.66,84.59,123.89,84.15,66.47
2017-07-31,109.65,113.66,84.58,124.04,84.26,66.62
2017-08-01,109.72,113.54,84.54,124.64,84.64,66.61
2017-08-02,109.64,113.48,84.5,124.71,83.87,66.36
2017-08-03,109.86,113.79,84.53,126.0,83.7,65.43
2017-08-04,109.68,113.63,84.5,124.93,83.98,65.64
2017-08-07,109.67,113.76,84.53,125.07,83.89,65.14
2017-08-08,109.57,113.84,84.53,124.62,83.49,64.99
2017-08-09,109.67,114.05,84.52,125.3,83.21,65.05
2017-08-10,109.78,114.34,84.55,126.37,82.61,64.36
2017-08-11,109.87,114.27,84.66,126.43,82.1,63.94
2017-08-14,109.82,113.82,84.59,125.78,83.47,63.75
2017-08-15,109.66,113.48,84.55,125.25,83.22,63.51
2017-08-16,109.86,113.68,84.6,125.71,83.55,62.9
2017-08-17,110.02,113.96,84.62,126.65,83.03,62.01
2017-08-18,109.95,113.98,84.61,126.62,82.19,62.32
2017-08-21,110.03,114.02,84.63,126.93,83.07,62.0
2017-08-22,109.93,113.88,84.62,126.44,82.83,62.41
2017-08-23,110.18,114.19,84.7,127.3,83.68,62.68
2017-08-24,110.04,113.9,84.62,126.83,83.42,62.72
2017-08-25,110.12,114.09,84.65,127.32,83.82,63.0
2017-08-28,110.16,114.18,84.62,127.24,83.18,62.72
2017-08-29,110.32,114.36,84.66,127.65,83.09,62.64
2017-08-30,110.3,114.33,84.68,127.61,83.56,62.67
2017-08-31,110.45,114.62,84.68,127.99,84.04,62.97
2017-09-01,109.97,114.12,84.59,126.75,84.33,63.58
2017-09-05,110.42,114.86,84.67,128.76,84.1,63.93
2017-09-06,110.3,114.72,84.66,127.97,84.32,64.97
2017-09-07,110.57,115.2,84.71,129.28,84.86,65.09
2017-09-08,110.44,115.22,84.69,129.0,84.93,64.4
2017-09-11,110.14,114.78,84.61,127.46,85.71,65.01
2017-09-12,109.98,114.59,84.57,126.79,84.7,65.41
2017-09-13,109.87,114.38,84.55,126.29,84.48,66.23
2017-09-14,109.93,114.56,84.56,126.81,85.18,66.55
2017-09-15,109.91,114.5,84.55,126.86,85.34,65.84
2017-09-18,109.86,114.45,84.5,126.13,84.88,66.12
2017-09-19,109.8,114.32,84.51,125.82,84.32,66.39
2017-09-20,109.71,114.0,84.44,125.91,84.09,66.84
2017-09-21,109.69,113.74,84.42,125.84,83.93,66.86
2017-09-22,109.77,114.03,84.44,126.2,82.49,67.2
2017-09-25,110.03,114.35,84.49,126.99,82.97,68.17
2017-09-26,109.99,114.26,84.47,126.76,83.11,68.14
2017-09-27,109.67,113.91,84.46,124.85,82.36,68.43
2017-09-28,109.68,113.83,84.47,124.48,82.92,68.49
2017-09-29,109.59,113.58,84.45,124.76,83.09,68.48
2017-10-02,109.43,113.38,84.44,124.28,82.97,68.46
2017-10-03,109.52,113.49,84.39,124.4,82.85,68.39
2017-10-04,109.49,113.59,84.55,124.41,83.27,68.34
2017-10-05,109.44,113.47,84.37,123.94,83.57,68.65
2017-10-06,109.28,113.38,84.34,123.59,83.3,68.07
2017-10-09,109.43,113.42,84.34,123.98,83.5,68.21
2017-10-10,109.44,113.62,84.36,124.18,83.75,68.27
2017-10-11,109.46,113.76,84.35,124.42,84.03,68.43
2017-10-12,109.59,113.97,84.34,124.95,84.57,68.18
2017-10-13,109.86,114.13,84.39,125.85,84.79,68.14
2017-10-16,109.75,113.87,84.31,125.76,84.37,68.29
2017-10-17,109.71,113.66,84.32,125.92,84.47,68.33
2017-10-18,109.54,113.52,84.29,125.09,84.38,67.85
2017-10-19,109.62,113.67,84.34,125.31,84.13,67.64
2017-10-20,109.3,113.41,84.29,123.98,83.65,67.77
2017-10-23,109.42,113.42,84.29,124.2,83.33,67.42
2017-10-24,109.19,113.26,84.27,123.43,82.83,67.55
2017-10-25,109.12,113.14,84.25,122.84,82.59,67.08
2017-10-26,109.0,113.09,84.25,122.43,81.91,67.22
2017-10-27,109.24,113.45,84.31,123.24,82.28,67.34
2017-10-30,109.54,113.75,84.35,124.42,82.21,67.69
2017-10-31,109.47,113.8,84.3,124.46,82.2,67.91
2017-11-01,109.29,113.7,84.21,124.75,82.6,68.68
2017-11-02,109.35,113.87,84.23,125.3,83.3,68.48
2017-11-03,109.45,113.95,84.18,125.64,83.09,68.68
2017-11-06,109.55,114.14,84.23,126.11,83.65,70.25
2017-11-07,109.58,114.3,84.19,126.64,84.33,70.16
2017-11-08,109.51,114.23,84.18,126.36,84.75,69.82
2017-11-09,109.43,114.21,84.17,126.0,84.84,70.03
2017-11-10,108.99,113.71,84.14,124.1,84.93,69.66
2017-11-13,108.99,113.7,84.13,124.36,85.36,69.26
2017-11-14,109.1,113.84,84.15,125.2,85.18,68.14
2017-11-15,109.31,114.16,84.12,126.56,84.32,67.37
2017-11-16,109.19,113.92,84.13,125.46,85.02,67.1
2017-11-17,109.31,114.12,84.08,126.39,84.65,67.43
2017-11-20,109.25,113.95,84.05,126.34,84.4,67.27
2017-11-21,109.36,113.94,84.03,126.74,85.03,67.42
2017-11-22,109.55,114.28,84.1,127.15,84.84,67.69
2017-11-24,109.53,114.14,84.1,126.8,84.95,67.88
2017-11-27,109.53,114.12,84.1,126.62,84.55,67.19
2017-11-28,109.53,114.11,84.11,126.79,84.23,67.71
2017-11-29,109.26,113.8,84.085,125.54,84.26,68.08
2017-11-30,109.08,113.68,84.04,125.12,84.39,69.1
2017-12-01,109.16,113.61,83.98,126.55,84.59,69.68
2017-12-04,109.15,113.65,83.93,126.61,84.17,69.65
2017-12-05,109.26,113.77,83.92,127.24,83.47,69.35
2017-12-06,109.37,113.89,83.96,127.68,83.39,68.45
2017-12-07,109.23,113.74,83.97,126.68,83.6,68.65
2017-12-08,109.19,113.69,83.97,126.69,84.03,69.28
2017-12-11,109.15,113.6,83.93,126.43,84.02,69.78
2017-12-12,109.1,113.69,83.93,126.38,84.43,69.59
2017-12-13,109.41,113.89,84.02,127.33,84.57,69.49
2017-12-14,109.44,113.89,83.99,127.87,84.55,69.24
2017-12-15,109.47,113.89,83.95,128.35,85.08,68.72
2017-12-18,109.33,113.69,83.95,127.18,85.64,69.25
2017-12-19,109.01,113.35,83.91,125.53,83.82,69.35
2017-12-20,108.76,112.97,83.92,124.14,82.85,70.33
2017-12-21,108.82,113.11,83.82,124.6,81.27,71.82
2017-12-22,108.87,113.18,83.79,124.77,81.83,71.97
2017-12-26,108.96,113.28,83.78,125.14,82.24,72.6
2017-12-27,109.3,113.75,83.82,126.77,82.51,72.36
2017-12-28,109.22,113.79,83.83,126.66,82.95,72.47
2017-12-29,109.33,114.08,83.85,126.86,82.98,72.26
2018-01-02,109.17,113.8,83.82,125.49,82.67,73.45
2018-01-03,109.18,113.91,83.82,126.09,82.43,74.55
2018-01-04,109.11,113.94,83.78,126.07,81.01,75.0
2018-01-05,109.04,113.92,83.78,125.71,81.05,74.97
2018-01-08,109.01,113.8,83.78,125.63,81.47,75.42
2018-01-09,108.71,113.43,83.75,123.95,80.42,75.23
2018-01-10,108.71,113.39,83.78,123.8,79.52,75.14
2018-01-11,108.76,113.27,83.75,124.31,79.25,76.68
2018-01-12,108.74,113.38,83.74,124.52,78.61,77.42
2018-01-16,108.77,113.57,83.73,125.04,78.76,76.44
2018-01-17,108.65,113.49,83.7,124.87,79.31,77.11
2018-01-18,108.41,113.39,83.68,123.71,78.29,76.48
2018-01-19,108.18,113.2,83.71,123.06,78.71,76.38
2018-01-22,108.14,113.14,83.67,123.18,79.43,78.03
2018-01-23,108.4,113.31,83.72,123.71,80.53,77.91
2018-01-24,108.29,113.23,83.7,123.04,80.11,77.7
2018-01-25,108.57,113.44,83.68,124.05,79.97,77.09
2018-01-26,108.37,113.37,83.63,123.59,79.69,77.51
2018-01-29,108.18,113.1,83.6,122.73,78.62,76.34
2018-01-30,108.01,112.83,83.61,122.01,78.05,74.8
2018-01-31,108.1,113.11,83.61,122.73,79.45,74.85
2018-02-01,107.52,112.51,83.49,120.7,77.74,75.62
2018-02-02,107.2,112.37,83.5,119.58,77.08,72.46
2018-02-05,107.63,112.79,83.65,120.71,74.79,69.42
2018-02-06,107.32,112.33,83.59,119.96,74.8,69.97
2018-02-07,107.08,112.08,83.53,118.82,74.48,68.8
2018-02-08,106.9,111.85,83.54,118.69,72.34,66.72
2018-02-09,106.76,111.5,83.61,117.94,74.15,66.67
2018-02-12,106.79,111.58,83.57,118.46,74.18,67.76
2018-02-13,106.82,111.66,83.57,118.99,74.7,67.48
2018-02-14,106.46,111.56,83.45,117.67,74.16,68.46
2018-02-15,106.59,111.62,83.42,118.07,74.88,68.29
2018-02-16,106.8,111.8,83.44,118.71,75.29,68.12
2018-02-20,106.69,111.71,83.43,118.19,74.4,67.75
2018-02-21,106.35,111.39,83.44,116.74,72.93,66.61
2018-02-22,106.36,111.49,83.45,117.09,73.76,67.34
2018-02-23,106.63,111.9,83.47,118.13,74.94,68.8
2018-02-26,106.71,112.04,83.48,118.17,75.15,69.21
2018-02-27,106.48,111.76,83.42,118.0,73.4,68.31
2018-02-28,106.77,111.92,83.44,118.75,73.35,66.74
2018-03-01,106.63,112.26,83.47,119.32,73.42,66.64
2018-03-02,106.46,112.17,83.43,118.35,73.39,66.95
2018-03-05,106.4,112.1,83.425,118.03,74.22,67.66
2018-03-06,106.42,112.07,83.41,118.14,74.57,67.7
2018-03-07,106.4,112.07,83.41,118.01,75.03,67.19
2018-03-08,106.57,112.18,83.43,118.69,75.17,67.17
2018-03-09,106.37,112.01,83.39,117.91,75.58,68.45
2018-03-12,106.43,112.09,83.43,118.59,75.91,68.43
2018-03-13,106.57,112.18,83.45,119.19,75.98,67.94
2018-03-14,106.75,112.37,83.44,120.24,76.05,67.54
2018-03-15,106.76,112.38,83.45,120.24,76.03,67.19
2018-03-16,106.7,112.19,83.41,119.81,76.56,67.31
2018-03-19,106.59,112.12,83.41,119.43,75.9,66.27
2018-03-20,106.42,111.95,83.38,118.95,75.64,66.83
2018-03-21,106.41,112.19,83.44,119.08,75.08,68.58
2018-03-22,106.61,112.52,83.48,120.26,74.64,67.18
2018-03-23,106.61,112.58,83.5,120.17,73.31,66.77
2018-03-26,106.57,112.38,83.46,119.71,73.43,67.97
2018-03-27,106.88,112.81,83.52,120.99,73.71,67.33
2018-03-28,106.94,112.81,83.53,121.31,75.56,66.02
2018-03-29,107.25,113.05,83.56,121.9,75.47,67.41
2018-04-02,106.9,112.87,83.49,121.88,74.45,66.06
2018-04-03,106.78,112.8,83.45,120.94,75.08,67.47
2018-04-04,106.82,112.74,83.4,120.69,75.87,67.38
2018-04-05,106.67,112.42,83.42,119.79,75.84,68.59
2018-04-06,106.91,112.87,83.49,121.1,75.27,67.35
2018-04-09,107.0,112.85,83.48,121.3,75.03,67.67
2018-04-10,106.92,112.8,83.44,121.08,74.95,69.91
2018-04-11,107.01,113.13,83.44,121.51,75.11,70.64
2018-04-12,106.77,112.95,83.39,120.62,74.27,70.63
2018-04-13,106.8,113.11,83.37,120.9,74.66,71.41
2018-04-16,106.82,113.01,83.36,120.94,75.12,72.14
2018-04-17,106.85,113.18,83.36,121.27,76.0,72.42
2018-04-18,106.55,112.95,83.29,120.3,75.84,73.56
2018-04-19,106.29,112.77,83.29,119.32,74.74,73.65
2018-04-20,106.0,112.38,83.26,118.46,74.05,73.3
2018-04-23,105.95,112.35,83.25,118.49,73.99,73.75
2018-04-24,105.81,112.04,83.27,117.95,74.27,72.96
2018-04-25,105.67,111.87,83.26,117.16,74.13,73.54
2018-04-26,105.85,112.16,83.275,117.98,75.1,74.61
2018-04-27,105.98,112.52,83.3,118.89,76.39,73.82
2018-04-30,106.0,112.61,83.27,119.1,76.09,73.81
2018-05-01,105.67,111.79,83.13,118.41,76.78,73.36
2018-05-02,105.67,111.93,83.16,118.28,76.5,73.66
2018-05-03,105.79,112.07,83.22,118.81,76.45,73.49
2018-05-04,105.86,112.1,83.19,118.99,77.29,73.85
2018-05-07,105.81,112.12,83.19,118.8,77.81,73.95
2018-05-08,105.69,111.92,83.195,118.69,77.42,74.53
2018-05-09,105.57,111.85,83.16,117.98,77.94,76.05
2018-05-10,105.81,112.07,83.16,118.93,78.55,76.62
2018-05-11,105.86,112.07,83.16,119.23,78.28,76.73
2018-05-14,105.76,111.79,83.16,118.6,77.61,77.26
2018-05-15,105.29,111.43,83.11,117.25,76.35,77.28
2018-05-16,105.17,111.27,83.11,116.8,76.12,77.55
2018-05-17,105.03,111.06,83.13,116.21,75.74,78.72
2018-05-18,105.3,111.36,83.17,117.21,75.84,78.11
2018-05-21,105.31,111.4,83.17,117.27,76.74,78.91
2018-05-22,105.31,111.35,83.17,117.09,76.85,77.86
2018-05-23,105.6,111.67,83.24,117.94,77.62,77.85
2018-05-24,105.89,111.8,83.29,118.88,77.46,76.57
2018-05-25,106.12,111.96,83.36,119.62,77.73,74.58
2018-05-29,106.82,112.62,83.6,122.24,78.1,74.35
2018-05-30,106.55,112.41,83.5,121.42,79.16,76.6
2018-05-31,106.46,112.48,83.46,121.22,78.89,76.02
2018-06-01,106.08,111.98,83.27,120.3,79.24,76.38
2018-06-04,105.83,111.75,83.2,119.43,79.93,75.72
2018-06-05,105.91,112.0,83.25,119.71,79.72,75.54
2018-06-06,105.67,111.76,83.22,118.74,79.91,75.9
2018-06-07,105.9,112.1,83.3,119.89,79.91,77.05
2018-06-08,105.75,111.91,83.28,119.53,80.2,76.9
2018-06-11,105.64,111.91,83.25,119.31,80.08,77.3
2018-06-12,105.67,111.82,83.21,119.34,80.56,76.71
2018-06-13,105.57,111.75,83.17,119.28,78.99,76.42
2018-06-14,105.84,112.04,83.2,120.27,79.74,76.31
2018-06-15,105.88,112.08,83.24,120.38,79.69,74.17
2018-06-18,105.9,112.17,83.26,120.27,78.98,74.91
2018-06-19,106.01,112.35,83.29,120.97,78.9,74.74
2018-06-20,105.81,112.04,83.25,119.91,79.78,75.07
2018-06-21,105.84,112.24,83.3,120.54,80.16,73.68
2018-06-22,105.94,112.4,83.31,120.53,80.79,75.15
2018-06-25,105.88,112.45,83.34,120.8,80.58,73.64
2018-06-26,106.05,112.61,83.34,120.97,80.84,74.57
2018-06-27,106.24,112.98,83.39,122.11,80.53,75.57
2018-06-28,106.23,112.83,83.39,122.14,81.25,75.47
2018-06-29,106.32,112.87,83.37,121.72,81.45,75.94
2018-07-02,105.99,112.48,83.23,121.35,81.0,74.82
2018-07-03,106.21,112.72,83.26,122.0,81.61,75.29
2018-07-05,106.31,112.85,83.25,122.35,82.58,75.21
2018-07-06,106.42,113.01,83.27,122.75,83.02,75.67
2018-07-09,106.32,112.78,83.22,121.96,82.36,76.8
2018-07-10,106.24,112.61,83.21,121.95,82.53,77.37
2018-07-11,106.28,112.73,83.24,122.42,82.26,75.73
2018-07-12,106.41,112.64,83.23,122.41,82.51,75.86
2018-07-13,106.51,112.86,83.25,122.72,82.26,76.26
2018-07-16,106.39,112.56,83.23,122.21,81.82,75.38
2018-07-17,106.35,112.41,83.215,121.98,81.28,75.08
2018-07-18,106.32,112.23,83.21,121.49,80.92,75.13
2018-07-19,106.48,112.39,83.25,122.26,81.87,75.15
2018-07-20,106.27,112.12,83.25,120.76,81.08,74.89
2018-07-23,105.9,111.59,83.2,119.27,80.91,74.56
2018-07-24,106.05,111.65,83.21,119.68,80.5,75.5
2018-07-25,106.06,111.67,83.18,119.49,81.14,76.13
2018-07-26,106.0,111.56,83.18,119.26,81.41,76.96
2018-07-27,106.08,111.73,83.19,119.46,80.54,76.63
2018-07-30,105.97,111.67,83.19,119.05,80.59,77.26
2018-07-31,106.06,111.84,83.19,119.7,81.94,77.12
2018-08-01,105.7,111.1,83.06,118.46,82.52,76.05
2018-08-02,105.74,111.16,83.11,118.63,82.19,75.63
2018-08-03,105.97,111.38,83.12,119.22,83.08,75.24
2018-08-06,106.04,111.4,83.14,119.29,82.97,75.52
2018-08-07,105.85,111.25,83.11,118.67,82.82,76.08
2018-08-08,105.85,111.26,83.12,118.79,82.34,75.53
2018-08-09,106.0,111.52,83.17,119.79,82.38,74.83
2018-08-10,106.23,111.88,83.25,120.66,81.75,75.29
2018-08-13,106.29,111.86,83.23,120.41,81.59,74.33
2018-08-14,106.19,111.72,83.23,120.14,81.99,74.51
2018-08-15,106.34,111.94,83.27,120.84,82.62,71.91
2018-08-16,106.4,111.87,83.25,120.83,83.29,72.43
2018-08-17,106.46,111.92,83.28,120.98,84.06,72.61
2018-08-20,106.67,112.14,83.33,121.79,84.12,73.1
2018-08-21,106.58,112.07,83.31,121.38,83.61,73.47
2018-08-22,106.67,112.31,83.33,121.86,83.14,74.35
2018-08-23,106.61,112.4,83.32,122.05,82.93,74.0
2018-08-24,106.73,112.51,83.33,122.29,83.42,74.54
2018-08-27,106.59,112.34,83.3,121.59,83.12,75.09
2018-08-28,106.39,112.12,83.27,120.86,84.24,74.77
2018-08-29,106.37,112.12,83.26,121.02,84.26,75.23
2018-08-30,106.42,112.22,83.32,121.28,83.72,75.02
2018-08-31,106.41,112.09,83.34,120.995,84.05,74.44
2018-09-04,106.06,111.55,83.19,120.03,83.05,74.28
2018-09-05,106.01,111.44,83.19,119.71,83.53,74.18
2018-09-06,106.19,111.54,83.22,120.15,83.77,72.81
2018-09-07,105.81,111.22,83.13,119.13,82.86,72.8
2018-09-10,105.91,111.25,83.14,119.57,83.23,72.77
2018-09-11,105.73,111.02,83.09,118.66,83.22,73.46
2018-09-12,105.8,111.12,83.09,118.94,83.26,73.84
2018-09-13,105.87,110.96,83.1,119.12,83.67,73.87
2018-09-14,105.67,110.76,83.07,118.55,83.14,74.26
2018-09-17,105.67,110.78,83.05,118.55,83.41,74.38
2018-09-18,105.44,110.55,83.04,117.31,83.01,74.87
2018-09-19,105.24,110.43,83.02,116.61,82.04,75.1
2018-09-20,105.38,110.58,83.05,117.15,82.81,75.12
2018-09-21,105.46,110.59,83.03,117.1,82.78,75.1
2018-09-24,105.36,110.48,83.03,116.8,80.17,76.2
2018-09-25,105.31,110.44,83.04,116.68,80.18,76.69
2018-09-26,105.56,110.63,83.05,117.5,79.22,75.95
2018-09-27,105.63,110.67,83.05,117.58,79.6,75.95
2018-09-28,105.52,110.62,83.09,117.27,80.68,75.74
2018-10-01,105.24,110.19,82.93,116.15,79.93,76.79
2018-10-02,105.36,110.37,82.96,116.86,79.75,76.87
2018-10-03,104.86,109.84,82.92,114.83,78.9,77.49
2018-10-04,104.56,109.57,82.9,114.02,78.24,77.17
2018-10-05,104.33,109.27,82.89,113.04,78.2,77.16
2018-10-08,104.29,109.22,82.87,112.66,79.33,77.1
2018-10-09,104.44,109.53,82.9,113.8,79.44,77.79
2018-10-10,104.41,109.42,82.92,113.49,78.26,75.35
2018-10-11,104.72,109.6,82.95,114.87,76.02,72.8
2018-10-12,104.75,109.43,82.95,114.47,75.82,73.0
2018-10-15,104.68,109.5,82.98,114.42,76.33,72.39
2018-10-16,104.74,109.51,82.95,114.68,77.9,72.99
2018-10-17,104.53,109.25,82.945,114.0,77.6,72.53
2018-10-18,104.46,109.17,83.0,113.96,77.45,72.17
2018-10-19,104.37,109.07,82.95,113.71,78.12,71.53
2018-10-22,104.35,109.01,82.93,113.56,77.03,70.74
2018-10-23,104.48,109.04,82.98,113.92,77.37,68.89
2018-10-24,104.75,109.4,83.11,114.78,78.1,66.17
2018-10-25,104.66,108.94,83.08,114.3,79.1,66.98
2018-10-26,104.9,109.49,83.13,114.99,77.2,66.48
2018-10-29,104.79,109.38,83.16,114.73,78.18,65.24
2018-10-30,104.64,109.09,83.12,114.16,79.25,66.75
2018-10-31,104.59,108.84,83.08,113.58,78.32,67.16
2018-11-01,104.34,108.61,82.98,113.41,78.69,67.73
2018-11-02,104.03,108.28,82.88,112.0,78.04,67.56
2018-11-05,104.1,108.48,82.91,112.44,79.2,68.69
2018-11-06,104.11,108.44,82.89,112.37,79.6,69.01
2018-11-07,104.2,108.52,82.86,112.52,80.55,70.14
2018-11-08,104.01,108.37,82.85,112.51,80.61,68.62
2018-11-09,104.14,108.63,82.89,113.35,80.6,68.5
2018-11-12,104.31,108.86,82.95,114.09,80.76,67.08
2018-11-13,104.35,108.77,82.96,114.02,80.68,65.54
2018-11-14,104.36,108.78,83.02,114.09,80.48,65.43
2018-11-15,104.49,108.87,83.06,114.04,79.93,66.39
2018-11-16,104.66,109.32,83.12,114.7,80.79,67.18
2018-11-19,104.65,109.27,83.19,115.02,80.9,67.16
2018-11-20,104.61,109.11,83.17,115.06,80.07,64.96
2018-11-21,104.68,109.06,83.17,115.02,80.14,65.98
2018-11-23,104.65,108.89,83.15,115.14,79.98,63.91
2018-11-26,104.63,108.77,83.16,114.88,80.13,64.87
2018-11-27,104.66,108.48,83.17,115.01,80.47,64.69
2018-11-28,104.86,108.61,83.2,114.45,81.19,65.8
2018-11-29,104.91,109.25,83.22,114.9,81.21,66.23
2018-11-30,104.88,109.27,83.25,115.33,81.98,66.11
2018-12-03,104.8,109.32,83.04,115.88,82.42,67.58
2018-12-04,105.08,109.65,83.1,117.82,81.2,65.64
2018-12-06,105.34,109.66,83.18,118.19,83.21,64.43
2018-12-07,105.48,109.82,83.27,118.41,82.12,64.07
2018-12-10,105.55,109.55,83.27,118.9,81.59,63.07
2018-12-11,105.58,109.11,83.19,118.88,81.63,63.09
2018-12-12,105.5,108.95,83.18,118.35,80.37,63.34
2018-12-13,105.53,108.97,83.26,118.07,79.88,63.54
2018-12-14,105.56,109.05,83.305,118.48,79.65,62.09
2018-12-17,105.74,109.24,83.39,119.17,76.65,60.96
2018-12-18,105.84,109.34,83.32,119.6,77.44,59.52
2018-12-19,105.94,109.53,83.34,121.18,76.59,58.82
2018-12-20,105.84,109.22,83.33,120.74,75.44,57.19
2018-12-21,105.79,109.17,83.39,120.72,74.39,56.11
2018-12-24,105.86,109.33,83.46,121.32,71.74,53.84
2018-12-26,105.66,109.11,83.38,120.02,74.14,57.19
2018-12-27,105.83,109.11,83.47,120.04,74.13,57.49
2018-12-28,106.22,109.43,83.59,121.05,74.37,57.05
2018-12-31,106.49,109.51,83.62,121.51,74.57,57.35
2019-01-02,106.57,109.68,83.63,122.15,72.95,58.48
2019-01-03,107.01,110.32,83.8,123.54,73.46,57.9
2019-01-04,106.69,110.09,83.62,122.11,74.32,59.87
2019-01-07,106.51,110.02,83.56,121.75,75.05,60.76
2019-01-08,106.43,110.11,83.51,121.43,76.6,61.23
2019-01-09,106.52,110.24,83.55,121.24,76.49,62.2
2019-01-10,106.4,109.98,83.56,120.46,77.53,62.38
2019-01-11,106.55,110.27,83.61,120.93,77.75,62.01
2019-01-14,106.4,110.07,83.61,120.48,77.49,61.86
2019-01-15,106.42,109.97,83.64,120.04,78.23,62.08
2019-01-16,106.51,109.96,83.62,120.16,78.78,62.0
2019-01-17,106.43,109.87,83.61,120.19,79.16,62.57
2019-01-18,106.35,109.74,83.54,119.56,79.43,63.84
2019-01-22,106.44,109.81,83.61,120.37,79.19,62.45
2019-01-23,106.55,109.68,83.59,120.32,79.2,61.81
2019-01-24,106.73,109.85,83.66,121.11,79.47,62.14
2019-01-25,106.68,109.68,83.6,120.53,80.46,62.93
2019-01-28,106.62,109.53,83.61,120.41,81.25,62.3
2019-01-29,106.9,109.85,83.65,121.02,81.89,62.49
2019-01-30,107.14,110.45,83.76,120.93,82.55,63.37
2019-01-31,107.46,111.07,83.83,121.97,83.41,63.78
2019-02-01,106.97,110.68,83.58,120.96,82.88,64.89
2019-02-04,106.88,110.46,83.58,120.42,83.5,65.04
2019-02-05,107.11,110.61,83.58,120.97,83.98,65.14
2019-02-06,107.05,110.54,83.62,121.03,83.43,64.66
2019-02-07,107.1,110.71,83.68,121.83,84.12,63.23
2019-02-08,107.34,110.76,83.71,122.35,84.12,62.94
2019-02-11,107.23,110.53,83.68,121.87,84.35,63.24
2019-02-12,107.25,110.55,83.67,121.555,83.82,64.04
2019-02-13,107.06,110.53,83.61,121.1,84.25,64.84
2019-02-14,107.22,110.84,83.72,121.79,84.52,65.07
2019-02-15,107.3,110.84,83.68,121.98,85.09,66.12
2019-02-19,107.36,111.1,83.74,122.29,85.07,66.32
2019-02-20,107.37,111.14,83.725,121.94,84.54,66.6
2019-02-21,107.13,110.95,83.7,120.85,84.62,65.57
2019-02-22,107.4,111.24,83.76,121.57,85.12,65.76
2019-02-25,107.37,111.16,83.75,121.21,84.45,65.87
2019-02-26,107.49,111.32,83.79,121.81,84.19,65.66
2019-02-27,107.26,111.06,83.77,120.43,83.77,65.91
2019-02-28,107.07,110.88,83.75,120.02,83.99,65.25
2019-03-01,106.63,110.66,83.54,118.66,83.73,66.45
2019-03-04,106.76,110.82,83.56,119.59,84.11,66.57
2019-03-05,106.83,110.78,83.57,119.84,84.34,66.35
2019-03-06,106.99,110.91,83.63,120.28,83.95,65.51
2019-03-07,107.29,111.22,83.7,121.06,83.77,65.12
2019-03-08,107.43,111.32,83.73,121.57,83.86,63.9
2019-03-11,107.44,111.3,83.71,121.21,85.09,64.9
2019-03-12,107.64,111.51,83.74,122.06,85.48,65.32
2019-03-13,107.59,111.64,83.75,121.83,85.9,65.98
2019-03-14,107.43,111.61,83.77,120.95,86.03,66.05
2019-03-15,107.7,112.0,83.8,121.75,85.76,65.51
2019-03-18,107.68,111.99,83.78,121.68,85.33,66.42
2019-03-19,107.62,111.89,83.77,121.41,85.07,66.24
2019-03-20,108.06,112.63,83.89,122.68,85.33,66.82
2019-03-21,108.08,112.62,83.89,122.95,86.85,67.29
2019-03-22,108.62,112.96,84.03,124.86,86.22,65.47
2019-03-25,108.82,112.93,84.12,125.06,86.33,65.5
2019-03-26,108.84,112.73,84.11,124.97,87.02,66.44
2019-03-27,109.07,112.78,84.18,126.12,86.77,65.97
2019-03-28,109.08,112.87,84.17,126.56,86.99,66.22
2019-03-29,109.07,113.07,84.12,126.44,86.91,66.12
2019-04-01,108.31,112.65,83.87,124.37,86.86,66.99
2019-04-02,108.43,112.76,83.91,124.6,87.47,66.53
2019-04-03,108.23,112.41,83.87,123.52,87.37,65.89
2019-04-04,108.31,112.49,83.89,123.87,87.23,66.44
2019-04-05,108.39,112.62,83.88,124.03,87.84,67.61
2019-04-08,108.34,112.51,83.86,123.59,87.35,67.91
2019-04-09,108.4,112.62,83.87,123.98,86.89,67.08
2019-04-10,108.61,113.03,83.94,124.28,87.69,67.33
2019-04-11,108.48,112.77,83.89,123.55,87.63,67.38
2019-04-12,108.27,112.56,83.84,122.67,88.05,67.56
2019-04-15,108.25,112.62,83.85,122.98,87.6,67.16
2019-04-16,108.06,112.36,83.84,122.21,85.62,67.6
2019-04-17,108.05,112.34,83.87,122.26,84.84,67.51
2019-04-18,108.19,112.66,83.89,122.9,85.49,67.19
2019-04-22,108.06,112.55,83.9,122.31,84.55,68.61
2019-04-23,108.25,112.81,83.94,122.57,85.67,68.5
2019-04-24,108.5,113.2,83.99,123.57,86.3,67.3
2019-04-25,108.49,113.2,83.99,123.39,86.12,67.09
2019-04-26,108.71,113.45,84.08,123.81,86.8,66.22
2019-04-29,108.52,113.13,84.05,123.02,85.95,66.16
2019-04-30,108.59,113.32,84.11,123.65,86.77,66.11
2019-05-01,108.4,113.04,83.88,123.9,86.84,64.79
2019-05-02,108.16,112.58,83.84,123.31,86.93,63.66
2019-05-03,108.34,112.89,83.87,123.66,87.67,64.25
2019-05-06,108.48,113.06,83.92,124.0,87.39,64.31
2019-05-07,108.61,113.12,83.96,124.95,85.81,63.75
2019-05-08,108.59,112.83,83.95,124.41,85.72,63.75
2019-05-09,108.65,113.02,84.0,124.92,85.94,63.75
2019-05-10,108.67,113.27,84.02,124.75,86.86,64.05
2019-05-13,108.85,113.51,84.12,125.73,86.77,62.95
2019-05-14,108.94,113.59,84.12,125.36,87.09,63.72
2019-05-15,109.13,113.82,84.18,126.13,87.68,64.05
2019-05-16,109.0,113.64,84.13,125.71,88.03,64.4
2019-05-17,109.03,113.53,84.15,125.99,87.86,63.75
2019-05-20,108.88,113.38,84.11,125.73,86.59,63.78
2019-05-21,108.87,113.44,84.07,125.53,87.33,64.52
2019-05-22,109.05,113.48,84.11,126.25,87.59,63.52
2019-05-23,109.37,113.72,84.26,127.67,87.79,61.39
2019-05-24,109.41,113.91,84.23,127.78,88.06,61.62
2019-05-28,109.57,113.97,84.3,128.79,87.19,60.98
2019-05-29,109.6,114.17,84.31,129.09,86.03,60.59
2019-05-30,109.89,114.55,84.38,130.2,86.39,59.82
2019-05-31,110.4,115.27,84.56,131.83,86.89,58.77
2019-06-03,110.4,114.94,84.55,132.44,87.1,59.52
2019-06-04,110.3,114.71,84.49,130.93,86.71,60.55
2019-06-05,110.24,114.78,84.53,130.19,88.52,59.88
2019-06-06,110.22,114.71,84.48,130.61,88.69,60.99
2019-06-07,110.53,115.13,84.57,131.74,89.02,61.27
2019-06-10,110.24,114.51,84.49,130.5,88.73,61.45
2019-06-11,110.22,114.36,84.46,130.58,88.97,61.57
2019-06-12,110.36,114.42,84.53,130.68,89.27,60.7
2019-06-13,110.6,114.46,84.62,131.13,89.65,61.41
2019-06-14,110.57,114.28,84.59,131.46,89.7,61.01
2019-06-17,110.54,114.06,84.55,131.69,90.66,61.52
2019-06-18,110.84,114.53,84.56,132.35,90.57,62.37
2019-06-19,111.22,115.19,84.74,132.54,91.06,62.3
2019-06-20,111.41,115.84,84.78,132.89,91.52,63.68
2019-06-21,111.12,115.32,84.74,131.43,90.23,63.56
2019-06-24,111.32,115.54,84.79,132.41,89.92,62.99
2019-06-25,111.34,115.34,84.81,132.82,88.59,62.49
2019-06-26,111.09,115.23,84.71,131.97,86.82,63.45
2019-06-27,111.4,115.45,84.78,132.9,87.1,62.98
2019-06-28,111.35,115.49,84.78,132.81,87.4,63.71
2019-07-01,111.18,114.64,84.57,132.24,87.36,63.77
2019-07-02,111.38,114.7,84.62,133.26,88.88,62.75
2019-07-03,111.56,115.0,84.64,134.21,89.94,63.0
2019-07-05,111.09,114.65,84.47,132.43,89.62,63.09
2019-07-08,111.03,114.67,84.43,132.61,89.94,63.18
2019-07-09,111.0,114.79,84.4,132.56,90.24,63.23
2019-07-10,111.08,114.99,84.55,131.83,90.76,64.04
2019-07-11,110.67,114.63,84.51,130.07,89.58,64.17
2019-07-12,110.79,114.83,84.52,130.22,89.46,64.44
2019-07-15,110.95,115.12,84.54,130.97,89.39,63.86
2019-07-16,110.83,114.93,84.51,130.58,89.18,63.18
2019-07-17,111.12,115.17,84.59,131.99,88.88,62.46
2019-07-18,111.3,115.41,84.69,132.0,88.88,62.47
2019-07-19,111.17,115.23,84.6,131.69,87.43,62.76
2019-07-22,111.31,115.26,84.61,131.94,87.35,63.05
2019-07-23,111.2,115.23,84.59,131.22,88.34,63.22
2019-07-24,111.36,115.26,84.61,131.79,88.41,63.49
2019-07-25,111.19,115.07,84.56,131.16,87.89,62.77
2019-07-26,111.21,114.99,84.57,131.47,88.29,62.45
2019-07-29,111.26,114.89,84.57,131.51,88.53,62.2
2019-07-30,111.25,115.06,84.58,131.83,89.24,62.9
2019-07-31,111.3,115.24,84.57,132.89,88.89,62.7
2019-08-01,111.91,115.39,84.66,135.26,88.89,61.28
2019-08-02,111.95,115.47,84.68,136.51,89.32,60.4
2019-08-05,112.44,115.87,84.85,138.87,87.56,58.6
2019-08-06,112.74,116.3,84.89,139.98,88.53,58.53
2019-08-07,112.68,116.36,84.9,140.03,89.39,58.09
2019-08-08,112.79,116.66,84.87,140.33,90.96,59.76
2019-08-09,112.64,116.54,84.82,140.05,90.85,59.1
2019-08-12,113.05,117.01,84.91,142.97,90.65,58.35
2019-08-13,112.89,116.82,84.81,142.48,90.74,58.94
2019-08-14,113.24,117.04,84.915,145.69,89.36,56.63
2019-08-15,113.76,117.56,85.1,147.31,90.25,56.28
2019-08-16,113.67,117.22,85.09,146.13,91.18,57.02
2019-08-19,113.37,116.78,85.0,144.04,91.84,58.28
2019-08-20,113.68,116.93,85.06,145.53,91.19,57.79
2019-08-21,113.62,116.81,84.98,144.56,91.57,58.16
2019-08-22,113.32,116.71,84.94,143.6,91.99,57.9
2019-08-23,113.78,117.38,85.08,145.96,90.7,55.96
2019-08-26,113.73,117.25,85.04,145.37,91.4,56.2
2019-08-27,114.09,117.8,85.07,147.61,91.14,55.85
2019-08-28,114.1,118.03,85.09,147.8,91.44,56.65
2019-08-29,114.03,118.1,85.05,147.24,92.15,57.48
2019-08-30,114.13,117.65,85.08,147.28,92.22,57.48
2019-09-03,113.84,117.45,85.0,147.21,93.14,57.2
2019-09-04,114.04,117.74,85.07,147.43,93.92,58.0
2019-09-05,113.55,117.21,84.88,144.76,93.24,58.72
2019-09-06,113.67,117.31,84.89,145.79,93.45,59.03
2019-09-09,113.19,116.71,84.8,143.2,93.0,60.21
2019-09-10,112.58,116.04,84.66,140.69,92.04,60.92
2019-09-11,112.6,115.91,84.66,140.44,92.14,60.98
2019-09-12,112.42,115.82,84.64,139.52,92.63,60.6
2019-09-13,111.75,115.14,84.5,136.54,91.64,61.08
2019-09-16,112.05,115.83,84.57,138.28,92.44,63.13
2019-09-17,112.22,115.98,84.61,139.03,93.44,62.25
2019-09-18,112.35,115.62,84.56,139.62,93.12,61.95
2019-09-19,112.51,115.85,84.57,140.04,93.45,61.79
2019-09-20,112.92,116.49,84.66,141.89,93.45,61.28
2019-09-23,112.97,116.65,84.71,141.86,93.6,61.3
2019-09-24,113.28,116.91,84.8,143.57,92.65,60.33
2019-09-25,112.81,116.3,84.69,141.47,92.83,60.43
2019-09-26,113.0,116.37,84.73,142.38,93.61,59.64
2019-09-27,113.14,116.19,84.78,142.73,93.09,59.63
2019-09-30,113.17,116.29,84.82,143.08,93.25,59.2
2019-10-01,113.12,116.32,84.78,143.26,92.37,57.83
2019-10-02,113.2,116.32,84.87,143.61,91.98,56.41
2019-10-03,113.64,116.69,85.05,144.92,92.87,57.02
2019-10-04,113.82,117.05,85.04,145.99,93.43,57.38
2019-10-07,113.51,116.73,84.95,144.78,93.23,56.87
2019-10-08,113.55,116.62,85.0,145.17,92.74,55.9
2019-10-09,113.49,116.38,84.95,144.35,92.92,56.41
2019-10-10,113.1,116.01,84.85,142.2,93.07,57.12
2019-10-11,112.73,115.65,84.77,140.44,93.03,57.89
2019-10-14,112.92,115.84,84.78,141.46,93.07,57.86
2019-10-15,112.55,115.45,84.76,139.75,93.19,58.1
2019-10-16,112.75,115.63,84.8,139.92,93.2,57.29
2019-10-17,112.72,115.79,84.8,139.58,93.81,57.33
2019-10-18,112.8,115.97,84.83,139.58,94.53,57.03
2019-10-21,112.49,115.6,84.79,138.53,95.25,58.05
2019-10-22,112.66,115.95,84.82,139.34,94.97,58.8
2019-10-23,112.75,116.03,84.81,139.48,95.18,59.29
2019-10-24,112.78,116.1,84.81,139.2,94.94,59.04
2019-10-25,112.62,116.12,84.76,138.52,94.13,59.52
2019-10-28,112.38,115.56,84.73,137.26,93.56,59.18
2019-10-29,112.39,115.27,84.75,137.35,94.13,59.42
2019-10-30,112.71,115.7,84.8,139.36,94.47,58.21
2019-10-31,113.15,116.06,84.95,141.24,94.3,57.96
2019-11-01,112.93,116.21,84.77,140.56,94.28,59.28
2019-11-04,112.65,116.13,84.7,138.71,93.62,61.21
2019-11-05,112.23,115.91,84.64,137.15,92.03,61.29
2019-11-06,112.4,116.28,84.69,137.98,92.23,60.04
2019-11-07,111.87,115.63,84.59,135.48,91.31,60.94
2019-11-08,111.81,115.56,84.6,134.91,91.09,60.69
2019-11-11,111.83,115.62,84.62,135.0,91.29,60.35
2019-11-12,111.95,115.6,84.63,135.62,90.6,60.04
2019-11-13,112.15,115.7,84.67,136.5,91.43,59.78
2019-11-14,112.47,115.97,84.75,137.91,92.14,59.62
2019-11-15,112.41,115.83,84.72,137.76,92.64,60.08
2019-11-18,112.62,116.06,84.76,138.01,93.09,59.35
2019-11-19,112.7,116.27,84.75,139.16,93.25,58.47
2019-11-20,112.97,116.72,84.79,140.6,93.2,59.06
2019-11-21,112.81,116.46,84.75,139.72,91.89,60.03
2019-11-22,112.87,116.5,84.735,139.9,91.55,59.83
2019-11-25,112.98,116.63,84.75,140.31,91.84,59.89
2019-11-26,113.14,116.88,84.79,141.13,93.06,59.34
2019-11-27,113.0,116.65,84.74,140.72,93.5,59.49
2019-11-29,112.86,116.38,84.77,140.42,93.07,58.89
2019-12-02,112.49,116.11,84.61,138.31,91.66,58.89
2019-12-03,113.0,116.83,84.73,141.21,92.25,58.01
2019-12-04,112.81,116.75,84.69,139.8,92.63,58.88
2019-12-05,112.68,116.58,84.65,139.12,92.68,58.6
2019-12-06,112.52,116.5,84.62,138.35,92.87,59.72
2019-12-09,112.58,116.53,84.62,138.65,93.05,59.65
2019-12-10,112.54,116.5,84.58,138.66,92.51,59.77
2019-12-11,112.84,116.91,84.65,139.75,91.57,59.67
2019-12-12,112.36,116.34,84.57,137.45,90.33,60.77
2019-12-13,112.81,116.81,84.67,139.04,90.35,60.31
2019-12-16,112.58,116.54,84.62,137.79,91.0,61.12
2019-12-17,112.59,116.7,84.64,137.6,90.14,61.16
2019-12-18,112.37,116.57,84.65,136.47,90.27,61.39
2019-12-19,112.3,116.65,84.53,136.47,91.07,61.37
2019-12-20,112.32,116.59,84.53,136.65,91.57,61.36
2019-12-23,112.24,116.39,84.51,136.45,91.11,61.99
2019-12-24,112.38,116.53,84.52,136.84,91.35,61.96
2019-12-26,112.48,116.61,84.55,137.17,91.75,61.94
2019-12-27,112.63,116.65,84.61,137.32,92.04,61.68
2019-12-30,112.63,116.69,84.64,136.82,92.13,59.7
2019-12-31,112.37,116.57,84.63,135.48,92.79,60.04
2020-01-02,112.68,117.14,84.67,137.015,91.7,60.58
2020-01-03,113.01,117.68,84.74,139.12,92.27,60.4
2020-01-06,112.92,117.38,84.71,138.33,92.38,60.87
2020-01-07,112.8,117.02,84.71,137.645,91.35,60.71
2020-01-08,112.67,116.91,84.67,136.74,91.63,59.71
2020-01-09,112.79,116.9,84.68,137.22,91.58,60.15
2020-01-10,112.98,117.25,84.71,138.44,92.28,59.81
2020-01-13,112.91,117.23,84.69,138.02,93.39,59.83
2020-01-14,113.01,117.39,84.7,138.73,93.04,59.84
2020-01-15,113.18,117.48,84.74,139.65,93.88,59.4
2020-01-16,113.18,117.29,84.74,139.21,94.63,59.5
2020-01-17,113.05,117.1,84.77,138.02,94.72,59.12
2020-01-21,113.37,117.48,84.79,139.47,95.62,58.06
2020-01-22,113.43,117.4,84.805,139.96,94.98,57.5
2020-01-23,113.58,117.64,84.83,140.94,95.78,57.28
2020-01-24,113.79,117.9,84.87,142.08,95.45,56.62
2020-01-27,114.14,118.17,84.96,144.29,94.99,55.05
2020-01-28,114.04,117.99,84.92,143.16,95.37,55.3
2020-01-29,114.3,118.42,85.0,144.56,95.02,54.72
2020-01-30,114.31,118.55,85.01,144.58,95.09,55.16
2020-01-31,114.65,119.06,85.12,145.9,93.93,53.44
2020-02-03,114.37,118.65,84.96,145.54,94.24,52.74
2020-02-04,113.99,118.14,84.87,143.58,95.21,52.93
2020-02-05,113.82,117.79,84.81,142.01,95.27,54.92
2020-02-06,113.89,118.01,84.83,142.65,95.59,54.36
2020-02-07,114.22,118.49,84.88,144.43,95.57,53.98
2020-02-10,114.35,118.67,84.92,144.83,96.64,53.71
2020-02-11,114.21,118.32,84.88,144.1,97.37,54.31
2020-02-12,114.09,118.2,84.84,143.37,97.95,55.04
2020-02-13,114.17,118.45,84.86,143.92,98.54,54.87
2020-02-14,114.29,118.54,84.895,144.55,99.56,54.58
2020-02-18,114.44,118.8,84.93,145.54,99.45,54.13
2020-02-19,114.41,118.75,84.94,145.53,98.11,54.85
2020-02-20,114.67,118.98,84.96,146.67,99.28,54.79
2020-02-21,114.9,119.2,85.03,148.04,99.57,54.14
2020-02-24,115.27,119.75,85.17,150.25,98.21,51.64
2020-02-25,115.47,119.55,85.26,151.05,95.55,49.36
2020-02-26,115.35,119.49,85.32,150.25,94.52,47.87
2020-02-27,115.37,119.84,85.42,151.88,89.49,45.31
2020-02-28,116.22,120.03,85.73,155.31,87.33,45.27
2020-03-02,115.94,120.31,85.57,153.94,91.06,47.1
2020-03-03,116.73,121.53,85.905,156.33,90.85,45.66
2020-03-04,116.64,121.35,85.92,154.67,94.28,46.74
2020-03-05,117.0,121.73,86.1,158.52,92.26,45.03
2020-03-06,117.86,122.54,86.2,166.77,90.67,42.5
2020-03-09,117.71,120.02,86.67,171.29,83.68,33.94
2020-03-10,116.38,116.58,86.29,162.51,86.54,35.55
2020-03-11,114.72,113.94,86.19,156.53,81.34,33.67
2020-03-12,110.13,113.67,86.17,157.5,73.1,29.47
2020-03-13,111.86,114.12,86.28,153.94,79.48,32.19
2020-03-16,113.73,113.33,86.42,163.91,65.39,27.81
2020-03-17,110.79,110.16,86.22,152.98,69.17,28.0
2020-03-18,106.57,108.81,86.11,144.35,62.59,23.98
2020-03-19,108.95,110.92,86.26,148.28,62.81,25.61
2020-03-20,110.03,115.86,86.49,159.43,59.68,25.86
2020-03-23,112.64,118.04,86.59,166.0,56.91,23.57
2020-03-24,113.57,118.11,86.47,162.91,62.03,27.35
2020-03-25,114.73,119.25,86.57,162.54,65.37,28.64
2020-03-26,115.08,119.86,86.67,163.34,69.98,30.39
2020-03-27,115.57,120.25,86.65,167.7,70.05,28.33
2020-03-30,115.68,118.34,86.69,166.32,71.58,28.62
2020-03-31,115.37,117.92,86.67,164.97,69.85,29.06
2020-04-01,114.73,118.46,86.62,167.04,65.26,27.62
2020-04-02,114.9,120.27,86.64,168.1,65.48,30.15
2020-04-03,114.98,121.33,86.62,168.5,64.53,29.83
2020-04-06,115.54,121.25,86.56,168.06,69.31,31.41
2020-04-07,115.7,121.17,86.54,166.3,69.95,32.08
2020-04-08,115.81,120.34,86.59,165.09,74.72,34.22
2020-04-09,117.25,121.53,86.62,165.39,78.91,33.91
2020-04-13,116.7,121.75,86.63,163.88,75.59,33.8
2020-04-14,116.76,122.11,86.625,163.84,77.71,33.64
2020-04-15,117.24,122.24,86.66,168.18,74.63,32.06
2020-04-16,117.39,121.18,86.68,170.09,73.78,30.69
2020-04-17,117.25,120.6,86.65,167.81,76.11,33.95
2020-04-20,117.08,120.23,86.65,169.16,73.28,32.89
2020-04-21,117.14,120.84,86.67,171.29,71.95,32.31
2020-04-22,117.14,121.57,86.64,169.54,73.05,33.46
2020-04-23,117.42,121.5,86.63,170.44,72.44,34.54
2020-04-24,117.36,122.19,86.63,170.84,72.75,34.62
2020-04-27,116.82,121.95,86.63,167.66,75.24,35.37
2020-04-28,117.28,122.37,86.66,169.59,75.86,36.18
2020-04-29,117.36,122.22,86.65,168.71,77.0,38.86
2020-04-30,117.1,121.31,86.8,166.74,76.11,38.0
2020-05-01,116.87,121.01,86.6,167.95,73.54,35.85
2020-05-04,116.97,121.13,86.6,167.16,73.18,37.09
2020-05-05,116.88,121.27,86.59,166.09,73.54,37.12
2020-05-06,116.41,120.68,86.62,163.41,72.22,36.15
2020-05-07,116.77,121.44,86.68,166.14,73.25,37.09
2020-05-08,116.46,121.4,86.66,163.98,74.99,38.78
2020-05-11,116.11,120.98,86.63,162.7,73.9,38.1
2020-05-12,116.41,121.09,86.65,164.37,70.54,37.43
2020-05-13,116.6,121.2,86.65,165.52,68.83,35.73
2020-05-14,116.96,121.34,86.63,167.14,69.07,36.13
2020-05-15,117.03,121.55,86.68,166.71,68.8,35.99
2020-05-18,116.86,121.54,86.61,163.05,72.87,38.93
2020-05-19,116.99,121.4,86.66,163.66,71.89,37.84
2020-05-20,117.29,121.76,86.66,164.15,72.53,39.35
2020-05-21,117.38,121.63,86.64,164.56,72.59,38.72
2020-05-22,117.44,121.7,86.64,165.55,73.57,38.48
2020-05-26,117.25,121.25,86.64,163.33,76.32,39.55
2020-05-27,117.42,121.37,86.62,163.03,77.84,40.06
2020-05-28,117.34,121.75,86.66,162.43,78.21,38.94
2020-05-29,117.65,121.8,86.66,163.59,77.43,38.76
2020-06-01,117.37,121.95,86.58,162.28,79.22,39.44
2020-06-02,117.47,121.68,86.58,161.69,79.86,40.54
2020-06-03,117.18,121.28,86.51,159.54,82.42,41.73
2020-06-04,116.83,120.82,86.53,157.23,81.6,41.74
2020-06-05,116.9,120.81,86.5,156.11,84.69,44.84
2020-06-08,117.03,121.07,86.48,156.71,86.79,46.86
2020-06-09,117.18,121.19,86.51,158.49,85.35,45.1
2020-06-10,117.66,122.12,86.56,160.84,83.18,42.88
2020-06-11,117.46,122.16,86.52,163.88,77.84,38.84
2020-06-12,117.58,121.83,86.55,162.3,80.63,39.82
2020-06-15,117.97,121.88,86.53,162.39,81.77,39.94
2020-06-16,117.74,121.82,86.52,159.9,83.38,41.09
2020-06-17,117.64,121.74,86.55,160.56,82.17,39.69
2020-06-18,117.76,122.29,86.54,162.26,81.27,40.18
2020-06-19,117.8,122.53,86.56,162.39,80.09,39.57
2020-06-22,117.77,122.84,86.54,162.41,80.01,39.25
2020-06-23,117.75,122.91,86.56,161.3,79.68,39.29
2020-06-24,117.73,122.74,86.57,163.03,77.41,37.11
2020-06-25,117.87,122.85,86.57,163.5,77.63,37.82
2020-06-26,118.01,123.06,86.6,165.25,76.14,36.51
2020-06-29,118.11,123.2,86.62,164.73,77.61,37.0
2020-06-30,118.21,123.0,86.61,163.93,78.53,37.85
2020-07-01,118.05,123.08,86.52,163.42,80.34,36.93
2020-07-02,118.19,123.42,86.56,163.59,80.11,37.34
2020-07-06,118.18,123.66,86.53,162.92,80.07,37.45
2020-07-07,118.36,123.69,86.55,165.21,78.48,36.26
2020-07-08,118.32,123.47,86.55,164.55,78.37,36.23
2020-07-09,118.63,123.79,86.57,167.17,77.88,34.44
2020-07-10,118.49,123.66,86.54,166.33,78.12,35.54
2020-07-13,118.48,123.93,86.54,166.88,77.19,35.35
2020-07-14,118.67,123.95,86.55,167.12,77.84,36.59
2020-07-15,118.68,123.88,86.56,166.34,78.6,37.38
2020-07-16,118.76,124.13,86.56,167.13,77.66,37.21
2020-07-17,118.88,124.36,86.58,166.78,78.67,36.69
2020-07-20,119.01,124.53,86.56,167.19,77.73,36.08
2020-07-21,119.08,124.81,86.58,167.29,77.92,38.26
2020-07-22,119.18,124.81,86.57,167.79,79.11,37.79
2020-07-23,119.32,124.87,86.57,169.75,78.78,37.72
2020-07-24,119.28,124.84,86.58,169.74,78.2,37.51
2020-07-27,119.2,124.84,86.55,169.11,78.94,37.55
2020-07-28,119.28,125.07,86.57,170.28,80.51,36.91
2020-07-29,119.42,125.36,86.59,169.99,82.07,37.68
2020-07-30,119.51,125.49,86.62,171.11,81.54,36.2
2020-07-31,119.56,125.86,86.63,171.0,81.39,36.03
2020-08-03,119.4,126.03,86.58,169.95,80.31,36.16
2020-08-04,119.63,126.31,86.59,171.57,81.51,37.04
2020-08-05,119.4,126.37,86.57,170.07,81.1,37.43
2020-08-06,119.57,126.51,86.57,171.02,81.23,37.13
2020-08-07,119.43,126.17,86.56,169.88,82.39,37.18
2020-08-10,119.32,126.02,86.54,169.12,82.52,38.33
2020-08-11,118.99,125.74,86.52,167.105,81.33,38.2
2020-08-12,118.75,125.82,86.5,165.59,82.15,38.58
2020-08-13,118.31,125.5,86.49,163.82,81.14,37.83
2020-08-14,118.2,125.29,86.5,163.18,81.15,38.19
2020-08-17,118.36,125.56,86.51,163.59,81.81,37.97
2020-08-18,118.53,126.12,86.52,164.76,81.42,37.49
2020-08-19,118.35,125.74,86.52,163.73,79.99,37.06
2020-08-20,118.56,125.62,86.52,165.21,80.75,36.26
2020-08-21,118.68,126.05,86.51,166.2,80.88,36.03
2020-08-24,118.63,126.3,86.5,165.93,81.4,37.02
2020-08-25,118.38,126.26,86.51,164.66,81.61,36.5
2020-08-26,118.36,126.51,86.51,164.03,80.86,35.73
2020-08-27,117.95,126.01,86.5,161.24,82.05,35.8
2020-08-28,118.11,126.41,86.53,161.12,82.59,36.44
2020-08-31,118.37,126.98,86.56,162.19,81.75,35.65
2020-09-01,118.42,127.05,86.49,163.86,81.81,35.41
2020-09-02,118.66,127.1,86.5,165.42,83.33,35.24
2020-09-03,118.69,126.66,86.49,165.89,82.33,34.98
2020-09-04,118.1,126.27,86.46,162.74,81.9,34.87
2020-09-08,118.23,126.39,86.47,163.74,80.9,33.6
2020-09-09,118.22,126.46,86.48,163.3,81.7,33.83
2020-09-10,118.23,126.57,86.47,164.13,80.7,32.59
2020-09-11,118.37,126.5,86.49,164.48,80.25,32.62
2020-09-14,118.38,126.42,86.48,164.47,82.21,32.87
2020-09-15,118.39,126.51,86.485,164.07,83.2,32.63
2020-09-16,118.33,126.51,86.5,163.58,83.64,33.94
2020-09-17,118.36,126.58,86.48,164.08,82.01,33.99
2020-09-18,118.22,126.47,86.49,163.57,80.16,33.61
2020-09-21,118.24,126.24,86.48,164.4,77.75,31.97
2020-09-22,118.33,126.28,86.5,164.27,78.68,31.64
2020-09-23,118.08,126.15,86.5,164.49,76.31,30.21
2020-09-24,118.09,126.24,86.49,165.12,76.72,30.2
2020-09-25,118.13,126.41,86.5,165.12,77.7,30.18
2020-09-28,118.23,126.67,86.51,164.65,79.29,30.89
2020-09-29,118.25,126.88,86.5,164.84,78.72,30.04
2020-09-30,118.06,126.5,86.51,163.26,78.96,29.95
2020-10-01,118.02,126.06,86.45,163.36,80.54,29.03
2020-10-02,117.9,126.08,86.46,162.75,81.93,29.31
2020-10-05,117.52,125.7,86.43,159.57,82.4,30.19
2020-10-06,117.62,125.72,86.43,160.43,81.86,29.74
2020-10-07,117.54,125.71,86.42,159.26,81.98,30.16
2020-10-08,117.69,126.21,86.42,160.12,83.35,31.29
2020-10-09,117.72,126.25,86.42,160.09,83.02,30.79
2020-10-12,117.95,126.33,86.44,160.6,83.41,30.87
2020-10-13,117.98,126.33,86.43,161.75,81.98,30.39
2020-10-14,118.05,126.33,86.43,162.12,80.98,30.52
2020-10-15,117.95,126.29,86.45,161.84,81.4,30.89
2020-10-16,117.89,126.34,86.44,161.39,80.82,30.19
2020-10-19,117.75,126.04,86.44,160.78,79.56,29.55
2020-10-20,117.65,125.93,86.43,159.25,80.13,29.9
2020-10-21,117.51,125.89,86.43,158.7,79.89,29.33
2020-10-22,117.3,125.7,86.4,157.05,79.88,30.54
2020-10-23,117.47,125.85,86.41,158.01,80.36,30.39
2020-10-26,117.63,125.95,86.42,159.48,79.21,29.3
2020-10-27,117.9,126.2,86.42,160.55,77.94,28.92
2020-10-28,117.73,126.04,86.42,160.7,76.08,27.71
2020-10-29,117.52,125.61,86.44,159.14,77.1,28.56
2020-10-30,117.2,125.23,86.43,157.57,76.59,28.72
2020-11-02,117.22,125.37,86.39,158.58,78.42,29.7
2020-11-03,117.17,125.27,86.37,157.66,79.93,29.53
2020-11-04,117.95,125.48,86.39,161.08,80.07,29.57
2020-11-05,118.06,125.58,86.37,161.36,80.45,29.57
2020-11-06,117.8,125.01,86.38,159.41,79.9,28.93
2020-11-09,117.25,124.65,86.35,156.06,82.73,33.06
2020-11-10,117.06,124.77,86.34,155.16,83.94,34.13
2020-11-11,117.13,124.99,86.32,155.72,84.26,33.78
2020-11-12,117.62,125.34,86.33,158.37,83.16,32.69
2020-11-13,117.64,125.33,86.33,158.16,85.38,33.88
2020-11-16,117.63,125.16,86.35,157.78,86.34,36.11
2020-11-17,117.87,125.37,86.34,158.81,86.42,36.48
2020-11-18,117.95,125.41,86.34,159.27,84.74,35.42
2020-11-19,118.17,125.54,86.36,160.09,85.07,36.0
2020-11-20,118.29,125.82,86.37,161.51,84.61,35.81
2020-11-23,118.26,125.72,86.37,160.77,84.77,38.34
2020-11-24,118.1,125.76,86.38,159.17,85.22,40.31
2020-11-25,118.06,125.97,86.39,158.68,85.27,39.37
2020-11-27,118.26,126.28,86.39,160.22,84.89,38.91
2020-11-30,118.42,126.42,86.41,160.02,84.0,36.76
2020-12-01,117.84,126.0,86.33,157.5,85.08,36.93
2020-12-02,117.71,126.09,86.35,156.25,84.41,38.13
2020-12-03,117.91,126.44,86.37,157.51,85.12,38.53
2020-12-04,117.59,126.17,86.36,155.2,86.42,40.63
2020-12-07,117.77,126.5,86.38,156.6,85.67,39.68
2020-12-08,117.78,126.71,86.36,157.34,85.37,40.27
2020-12-09,117.61,126.55,86.35,156.82,84.84,40.36
2020-12-10,117.9,126.84,86.37,158.21,84.47,41.6
2020-12-11,118.03,126.83,86.42,158.77,84.39,41.12
2020-12-14,117.96,126.83,86.41,158.33,84.02,39.68
2020-12-15,118.03,127.06,86.41,157.8,85.74,40.46
2020-12-16,117.98,127.05,86.41,157.38,85.84,40.26
2020-12-17,117.85,127.1,86.38,156.8,86.67,40.07
2020-12-18,117.79,127.04,86.37,156.33,84.93,39.4
2020-12-21,117.79,127.02,86.37,156.95,84.45,38.13
2020-12-22,117.96,127.14,86.37,157.76,85.04,37.49
2020-12-23,117.88,127.2,86.39,156.67,84.49,38.32
2020-12-24,117.99,127.25,86.37,157.29,83.88,38.12
2020-12-28,118.01,127.34,86.38,157.36,84.38,37.88
2020-12-29,118.03,127.28,86.38,157.16,83.66,37.63
2020-12-30,118.1,127.38,86.385,157.5,84.12,38.22
2020-12-31,118.19,127.65,86.38,157.73,84.93,37.9
2021-01-04,118.04,127.79,86.39,157.54,82.17,37.96
2021-01-05,117.92,127.75,86.39,156.37,82.29,39.66
2021-01-06,117.34,127.37,86.34,153.16,82.43,40.87
2021-01-07,117.22,127.29,86.36,151.81,82.27,41.47
2021-01-08,117.08,126.79,86.35,151.32,83.07,41.42
2021-01-11,116.89,126.52,86.34,151.07,81.97,42.07
2021-01-12,116.99,126.69,86.34,150.95,82.16,43.54
2021-01-13,117.36,126.97,86.33,152.65,83.16,43.2
2021-01-14,117.13,127.03,86.34,151.22,83.65,44.48
2021-01-15,117.25,127.17,86.35,151.82,84.61,42.75
2021-01-19,117.41,127.47,86.38,152.31,84.37,43.61
2021-01-20,117.42,127.66,86.37,152.46,85.98,43.77
2021-01-21,117.25,127.97,86.38,151.39,85.57,42.29
2021-01-22,117.25,127.77,86.38,151.88,85.77,42.07
2021-01-25,117.55,128.1,86.39,153.67,86.42,41.64
2021-01-26,117.51,127.91,86.38,153.38,87.03,40.75
2021-01-27,117.52,127.87,86.38,153.77,85.49,40.2
2021-01-28,117.44,128.12,86.37,152.92,85.95,40.67
2021-01-29,117.31,127.99,86.4,152.0,84.96,39.32
2021-02-01,117.23,127.71,86.38,152.0,86.9,39.6
2021-02-02,117.05,127.9,86.35,151.02,87.42,40.03
2021-02-03,116.91,127.83,86.36,149.68,87.2,41.74
2021-02-04,116.86,127.74,86.36,149.28,87.8,42.2
2021-02-05,116.71,127.71,86.38,148.03,88.11,42.56
2021-02-08,116.83,127.83,86.37,148.68,88.59,44.34
2021-02-09,116.88,127.9,86.35,148.79,88.9,43.87
2021-02-10,116.99,128.01,86.36,149.78,89.38,44.71
2021-02-11,116.85,127.86,86.36,148.96,89.57,44.02
2021-02-12,116.58,127.65,86.37,147.11,89.59,44.67
2021-02-16,116.03,127.03,86.34,144.87,88.9,45.79
2021-02-17,116.26,126.98,86.36,145.79,88.79,46.47
2021-02-18,116.2,126.45,86.36,145.2,88.41,45.42
2021-02-19,115.84,125.91,86.37,143.27,88.92,46.18
2021-02-22,115.48,125.9,86.35,142.18,89.66,47.78
2021-02-23,115.51,125.93,86.36,141.77,90.22,48.57
2021-02-24,115.47,125.83,86.335,140.84,90.91,50.29
2021-02-25,114.41,124.29,86.21,138.54,89.17,49.32
2021-02-26,115.34,125.83,86.32,143.12,87.87,48.15
2021-03-01,115.09,125.41,86.29,141.06,88.26,49.4
2021-03-02,115.11,125.92,86.31,141.07,87.41,49.13
2021-03-03,114.69,125.6,86.26,139.54,86.91,49.85
2021-03-04,114.36,125.12,86.26,138.64,85.92,51.04
2021-03-05,114.28,125.25,86.26,138.91,86.86,52.95
2021-03-08,113.83,124.56,86.23,137.83,87.61,53.05
2021-03-09,114.26,125.34,86.23,139.74,88.19,52.12
2021-03-10,114.45,125.91,86.26,140.02,89.07,53.44
2021-03-11,114.44,126.02,86.26,139.01,90.11,53.46
2021-03-12,113.79,125.03,86.25,136.06,91.62,53.57
2021-03-15,113.91,125.4,86.26,136.86,92.98,52.96
2021-03-16,113.87,125.66,86.26,136.31,92.6,51.45
2021-03-17,113.86,125.55,86.28,135.29,92.68,51.85
2021-03-18,113.42,124.66,86.27,133.92,91.74,49.52
2021-03-19,113.51,124.9,86.27,134.75,90.49,49.53
2021-03-22,113.73,125.5,86.26,136.26,91.13,48.54
2021-03-23,114.02,125.76,86.27,137.49,91.0,47.83
2021-03-24,114.16,126.09,86.29,138.23,90.49,49.03
2021-03-25,114.1,126.0,86.3,137.14,90.88,49.21
2021-03-26,113.91,126.03,86.3,136.66,92.84,50.43
2021-03-29,113.72,125.69,86.28,135.5,92.3,49.83
2021-03-30,113.81,125.47,86.28,136.21,92.42,49.4
2021-03-31,113.83,125.5,86.25,135.45,91.86,49.06
2021-04-01,114.04,125.56,86.23,137.51,93.53,50.31
2021-04-05,113.81,125.2,86.21,136.91,93.89,49.11
2021-04-06,114.21,125.27,86.23,137.84,94.13,48.98
2021-04-07,114.03,125.35,86.24,136.88,94.2,49.15
2021-04-08,114.31,125.63,86.27,138.01,93.85,48.51
2021-04-09,114.18,125.36,86.24,137.51,93.74,48.19
2021-04-12,114.15,125.38,86.225,137.47,94.29,47.81
2021-04-13,114.48,125.84,86.25,138.47,94.76,47.86
2021-04-14,114.39,125.84,86.25,138.04,94.26,49.19
2021-04-15,114.84,126.52,86.265,140.32,95.91,48.79
2021-04-16,114.54,126.48,86.255,139.29,96.12,48.4
2021-04-19,114.45,126.26,86.2515,138.89,96.31,48.35
2021-04-20,114.63,126.34,86.28,139.5,97.1,47.07
2021-04-21,114.74,126.46,86.28,139.75,97.74,47.67
2021-04-22,114.77,126.61,86.28,140.39,97.21,47.11
2021-04-23,114.75,126.67,86.26,140.06,97.78,47.54
2021-04-26,114.65,126.74,86.24,139.86,98.07,47.86
2021-04-27,114.37,126.73,86.23,138.64,98.06,48.44
2021-04-28,114.43,127.13,86.25,138.73,97.85,50.11
2021-04-29,114.37,127.07,86.27,138.32,98.69,50.67
2021-04-30,114.49,126.99,86.28,138.64,99.08,49.39
2021-05-03,114.39,126.79,86.26,138.52,98.89,50.75
2021-05-04,114.53,127.08,86.26,139.46,98.25,50.78
2021-05-05,114.62,127.65,86.28,139.69,96.62,52.42
2021-05-06,114.64,127.5,86.27,139.89,97.16,52.69
2021-05-07,114.61,127.77,86.31,139.23,98.44,53.63
2021-05-10,114.43,127.83,86.28,137.82,98.41,53.68
2021-05-11,114.18,127.49,86.27,137.04,97.17,52.27
2021-05-12,113.78,127.27,86.26,135.6,94.71,52.52
2021-05-13,114.04,127.3,86.28,135.79,95.94,51.88
2021-05-14,114.3,127.75,86.28,137.06,97.08,53.49
2021-05-17,114.2,128.0,86.28,136.79,97.18,54.73
2021-05-18,114.06,127.81,86.29,136.44,97.2,53.46
2021-05-19,113.9,126.94,86.26,136.11,96.89,52.13
2021-05-20,114.29,127.09,86.3,137.23,97.98,52.05
2021-05-21,114.34,127.32,86.28,137.67,97.88,52.16
2021-05-24,114.45,127.63,86.3,138.18,99.1,52.68
2021-05-25,114.73,127.99,86.3,139.46,99.07,51.61
2021-05-26,114.69,127.7,86.32,139.22,99.51,52.07
2021-05-27,114.55,127.69,86.32,138.655,99.28,52.11
2021-05-28,114.55,127.77,86.32,138.44,99.88,52.21
2021-06-01,114.33,127.46,86.29,138.21,101.68,54.22
2021-06-02,114.48,127.3,86.3,138.53,102.87,55.23
2021-06-03,114.21,126.87,86.27,138.01,102.49,55.38
2021-06-04,114.68,127.48,86.3,139.9,102.54,55.75
2021-06-07,114.6,127.2,86.29,139.47,103.75,55.51
2021-06-08,114.81,127.33,86.31,140.45,104.61,55.99
2021-06-09,115.04,127.34,86.29,141.69,104.75,55.64
2021-06-10,115.28,128.0,86.32,142.54,105.5,55.57
2021-06-11,115.23,127.67,86.3,142.31,105.08,55.38
2021-06-14,114.94,127.6,86.27,141.22,105.49,55.14
2021-06-15,114.99,127.81,86.26,141.05,104.36,56.19
2021-06-16,114.62,126.65,86.18,140.93,103.68,55.89
2021-06-17,114.98,127.13,86.175,143.04,103.55,53.99
2021-06-18,115.29,127.18,86.11,145.73,101.79,52.39
2021-06-21,114.99,126.96,86.13,143.29,103.89,54.07
2021-06-22,115.11,127.66,86.18,143.64,103.35,54.43
2021-06-23,115.05,127.69,86.12,143.27,103.17,54.56
2021-06-24,115.09,127.45,86.13,143.5,102.22,55.05
2021-06-25,114.86,127.58,86.12,142.01,102.91,55.34
2021-06-28,115.19,127.77,86.15,143.47,102.61,53.47
2021-06-29,115.25,127.84,86.14,143.71,102.33,53.21
2021-06-30,115.33,128.01,86.16,144.35,101.79,53.87
2021-07-01,115.11,127.3,86.13,144.17,102.23,54.81
2021-07-02,115.36,127.84,86.17,145.04,102.54,54.69
2021-07-06,115.73,128.17,86.2,146.74,103.29,52.91
2021-07-07,115.93,128.08,86.21,148.04,103.65,52.05
2021-07-08,116.06,127.91,86.25,148.62,103.36,51.75
2021-07-09,115.68,127.93,86.22,146.53,105.06,52.85
2021-07-12,115.61,128.27,86.2,146.34,105.96,52.77
2021-07-13,115.36,128.27,86.13,145.22,104.48,52.37
2021-07-14,115.75,128.61,86.19,146.87,105.21,50.81
2021-07-15,116.0,129.0,86.2,148.49,105.38,50.1
2021-07-16,115.9,129.0,86.19,148.21,105.31,48.68
2021-07-19,116.51,129.05,86.23,151.46,103.39,46.96
2021-07-20,116.4,129.03,86.27,150.0,105.83,47.59
2021-07-21,116.02,128.7,86.24,148.1,105.82,49.25
2021-07-22,116.29,129.06,86.25,149.5,104.98,48.7
2021-07-23,116.21,129.64,86.26,148.5,105.85,48.52
2021-07-26,116.11,130.2,86.24,148.06,105.9,49.72
2021-07-27,116.38,130.17,86.26,149.64,106.5,49.26
2021-07-28,116.49,130.61,86.27,149.65,106.13,49.71
2021-07-29,116.3,130.38,86.27,148.82,106.15,50.19
2021-07-30,116.46,130.58,86.285,149.52,106.29,49.39
2021-08-02,116.54,129.85,86.31,150.67,106.06,49.02
2021-08-03,116.58,129.97,86.31,150.75,106.19,49.86
2021-08-04,116.57,129.72,86.28,151.06,105.86,48.51
2021-08-05,116.31,129.26,86.24,150.29,107.1,49.06
2021-08-06,115.79,128.97,86.21,147.78,106.91,49.51
2021-08-09,115.58,128.74,86.18,147.25,106.34,48.81
2021-08-10,115.43,128.86,86.15,146.57,105.33,49.67
2021-08-11,115.54,129.07,86.19,146.48,105.95,50.06
2021-08-12,115.55,128.97,86.185,146.24,106.18,50.01
2021-08-13,115.97,129.3,86.2,148.55,106.76,49.42
2021-08-16,116.03,129.43,86.22,148.91,106.63,48.51
2021-08-17,115.94,129.08,86.2,148.85,106.52,48.01
2021-08-18,115.95,129.1,86.2,149.35,105.55,47.01
2021-08-19,116.15,129.15,86.2,150.45,106.06,45.79
2021-08-20,116.16,128.75,86.2,150.55,106.59,45.89
2021-08-23,116.16,129.05,86.2,150.45,106.39,47.61
2021-08-24,115.99,129.05,86.185,149.28,105.92,48.4
2021-08-25,115.77,129.0,86.18,148.04,105.85,48.77
2021-08-26,115.78,129.02,86.18,148.45,105.89,48.03
2021-08-27,116.1,129.99,86.24,149.46,107.0,49.31
2021-08-30,116.23,129.97,86.26,149.85,108.07,48.73
2021-08-31,116.06,129.59,86.25,148.83,108.58,48.4
2021-09-01,115.93,128.75,86.23,148.89,110.32,47.69
2021-09-02,116.05,128.8,86.23,149.54,110.9,48.9
2021-09-03,115.85,128.62,86.23,148.18,110.92,48.62
2021-09-07,115.54,128.3,86.2,146.93,109.67,48.33
2021-09-08,115.73,128.82,86.22,147.93,110.22,47.71
2021-09-09,116.1,129.5,86.24,149.72,107.98,47.81
2021-09-10,115.87,129.14,86.21,148.4,106.4,47.79
2021-09-13,116.02,129.14,86.23,149.3,107.12,49.16
2021-09-14,116.28,129.21,86.24,151.11,106.93,48.45
2021-09-15,116.17,129.28,86.24,150.58,107.27,50.26
2021-09-16,115.97,129.07,86.21,149.89,107.36,49.69
2021-09-17,115.87,128.7,86.19,149.17,106.4,49.32
2021-09-20,116.09,128.82,86.21,151.02,105.75,47.24
2021-09-21,116.14,128.73,86.23,150.89,105.8,47.35
2021-09-22,116.18,128.6,86.18,151.79,106.83,48.81
2021-09-23,115.61,128.14,86.13,148.36,106.62,50.52
2021-09-24,115.41,127.82,86.1,146.94,104.83,50.9
2021-09-27,115.25,127.88,86.09,146.37,103.42,52.71
2021-09-28,114.77,127.6,86.1,144.09,102.72,52.89
2021-09-29,114.85,127.67,86.13,144.34,103.49,52.89
2021-09-30,114.83,127.69,86.15,144.32,101.78,52.09
2021-10-01,115.0,127.81,86.18,145.35,103.22,53.84
2021-10-04,114.92,127.8,86.14,144.98,103.24,54.72
2021-10-05,114.65,127.93,86.13,143.58,102.53,55.04
2021-10-06,114.7,127.86,86.12,144.39,103.51,54.46
2021-10-07,114.38,127.75,86.09,142.88,103.79,54.88
2021-10-08,114.13,127.78,86.06,141.88,102.81,56.57
2021-10-11,113.95,127.7,85.99,141.52,103.07,56.36
2021-10-12,114.37,127.94,86.03,143.94,104.42,56.41
2021-10-13,114.63,128.52,86.0,145.34,105.18,56.36
2021-10-14,114.85,128.77,86.0,145.88,106.46,57.05
2021-10-15,114.57,128.56,85.95,145.03,106.38,57.33
2021-10-18,114.49,128.29,85.89,145.71,106.65,57.37
2021-10-19,114.16,127.98,85.92,143.7,106.7,58.02
2021-10-20,114.08,128.21,85.95,142.73,108.38,58.49
2021-10-21,113.84,128.5,85.85,142.56,108.53,57.41
2021-10-22,114.06,128.76,85.83,144.13,109.04,57.95
2021-10-25,114.17,129.07,85.87,143.91,109.39,58.8
2021-10-26,114.38,129.52,85.85,145.1,109.69,59.14
2021-10-27,114.76,130.13,85.83,147.74,108.76,57.44
2021-10-28,114.67,129.0,85.84,147.24,110.28,57.85
2021-10-29,114.64,128.67,85.85,147.69,109.04,57.47
2021-11-01,114.39,128.04,85.8,146.44,109.58,58.46
2021-11-02,114.62,128.55,85.89,147.09,110.1,57.91
2021-11-03,114.39,128.37,85.87,145.57,110.47,57.43
2021-11-04,114.77,129.22,85.95,147.1,109.42,57.51
2021-11-05,115.22,129.67,85.99,149.3,109.98,58.26
2021-11-08,115.01,130.1,85.89,149.02,109.89,58.79
2021-11-09,115.33,130.86,85.94,150.96,110.08,59.03
2021-11-10,114.55,130.46,85.77,148.2,109.57,57.47
2021-11-11,114.34,130.44,85.71,147.98,109.75,57.69
2021-11-12,114.32,130.42,85.78,147.33,109.67,57.55
2021-11-15,113.9,130.44,85.77,145.48,110.44,58.03
2021-11-16,113.86,130.25,85.77,145.11,109.71,58.12
2021-11-17,114.13,130.51,85.8,146.26,110.05,57.23
2021-11-18,114.23,130.59,85.79,146.81,110.07,56.89
2021-11-19,114.45,130.35,85.77,148.36,109.42,54.67
2021-11-22,113.9,129.3,85.67,146.62,108.88,55.64
2021-11-23,113.45,128.8,85.67,144.5,109.76,57.35
2021-11-24,113.71,129.2,85.65,146.82,111.09,57.91
2021-11-26,114.52,129.84,85.82,150.53,108.0,55.58
2021-11-29,114.58,129.54,85.86,149.32,108.8,55.9
2021-11-30,114.77,129.66,85.79,151.59,106.74,54.59
2021-12-01,114.63,129.07,85.75,152.34,104.98,54.01
2021-12-02,114.61,129.45,85.64,152.53,108.13,55.58
2021-12-03,115.07,129.72,85.69,154.35,107.77,55.14
2021-12-06,114.67,129.13,85.62,152.23,109.66,55.96
2021-12-07,114.49,129.34,85.51,151.0,111.24,57.27
2021-12-08,114.19,129.12,85.54,148.39,112.04,57.26
2021-12-09,114.2,128.59,85.51,149.22,110.42,56.82
2021-12-10,114.23,128.58,85.55,148.86,110.76,57.24
2021-12-13,114.63,128.71,85.6,151.06,111.8,55.65
2021-12-14,114.41,128.3,85.55,150.7,110.37,55.42
2021-12-15,114.32,128.41,85.58,149.25,111.92,55.15
2021-12-16,114.36,127.89,85.63,149.14,111.88,55.5
2021-12-17,114.5,127.9,85.59,150.83,111.74,54.37
2021-12-20,114.33,127.83,85.61,149.7,110.87,53.01
2021-12-21,114.24,128.11,85.56,149.13,112.12,54.52
2021-12-22,114.34,128.52,85.55,149.82,113.27,54.87
2021-12-23,114.2,128.23,85.54,148.52,113.15,54.9
2021-12-27,114.26,128.66,85.51,148.88,114.0,56.1
2021-12-28,114.21,128.58,85.51,148.29,114.42,56.06
2021-12-29,113.87,128.69,85.5,146.67,115.19,55.7
2021-12-30,114.12,129.36,85.55,147.9,115.69,55.36
2021-12-31,114.08,129.2,85.54,148.19,116.01,55.5
2022-01-03,113.3,128.46,85.44,144.3,115.1,57.22
2022-01-04,113.29,127.97,85.49,143.7,114.96,59.2
2022-01-05,112.94,126.93,85.385,142.97,111.67,59.19
2022-01-06,112.82,126.38,85.31,143.29,111.77,60.51
2022-01-07,112.49,126.23,85.29,142.26,111.03,61.34
2022-01-10,112.39,126.39,85.24,142.61,110.39,61.15
2022-01-11,112.6,127.27,85.27,143.56,110.56,63.23
2022-01-12,112.6,126.45,85.24,143.01,110.69,63.35
2022-01-13,112.8,126.48,85.28,144.28,110.47,63.03
2022-01-14,112.17,125.91,85.17,142.1,109.47,64.51
2022-01-18,111.49,125.31,85.04,140.1,108.32,64.77
2022-01-19,111.73,125.05,85.08,141.07,106.86,64.3
2022-01-20,111.79,125.2,85.06,141.94,105.49,63.71
2022-01-21,112.23,125.98,85.13,143.63,105.23,62.45
2022-01-24,112.1,126.27,85.18,142.45,105.43,62.87
2022-01-25,111.99,126.05,85.14,142.22,105.01,65.31
2022-01-26,111.36,125.25,84.99,140.5,103.37,65.2
2022-01-27,111.73,125.76,84.92,143.08,101.66,65.91
2022-01-28,111.81,126.2,84.95,143.13,104.95,65.63
2022-01-31,111.8,126.54,84.95,142.39,106.24,65.92
2022-02-01,111.6,125.28,84.92,141.72,105.86,68.27
2022-02-02,111.72,125.42,84.94,142.2,107.21,68.49
2022-02-03,111.27,124.63,84.87,141.09,106.07,67.84
2022-02-04,110.57,123.91,84.7,139.01,105.02,68.9
2022-02-07,110.67,123.86,84.72,139.1,104.87,69.78
2022-02-08,110.33,123.7,84.63,138.17,104.38,68.28
2022-02-09,110.4,123.94,84.62,138.43,106.74,68.85
2022-02-10,109.38,122.95,84.19,136.23,104.22,68.42
2022-02-11,110.1,124.05,84.45,138.25,103.27,70.41
2022-02-14,109.46,123.72,84.27,136.53,102.33,68.75
2022-02-15,109.28,123.21,84.3,134.98,103.25,68.03
2022-02-16,109.41,123.45,84.41,135.78,103.73,68.58
2022-02-17,109.64,123.73,84.46,136.79,102.63,68.47
2022-02-18,109.87,124.14,84.47,138.23,102.01,68.05
2022-02-22,109.75,124.52,84.39,138.59,101.64,66.95
2022-02-23,109.26,124.61,84.34,136.68,99.96,67.64
2022-02-24,109.46,125.12,84.41,136.77,101.64,67.11
2022-02-25,109.57,125.01,84.41,136.87,104.09,68.88
2022-02-28,110.36,127.18,84.56,139.87,102.54,70.58
2022-03-01,110.82,127.86,84.73,141.3,102.0,71.29
2022-03-02,109.49,127.03,84.45,136.47,103.91,72.92
2022-03-03,109.86,126.88,84.45,137.86,104.76,73.12
2022-03-04,110.3,127.85,84.54,140.24,105.24,75.23
2022-03-07,109.66,128.54,84.43,139.17,103.16,76.34
2022-03-08,109.27,129.16,84.32,137.77,102.66,77.54
2022-03-09,109.04,127.88,84.27,136.42,104.24,75.17
2022-03-10,108.43,127.6,84.2,134.46,104.5,77.47
2022-03-11,108.41,128.5,84.17,134.91,103.67,76.85
2022-03-14,107.36,127.08,83.95,131.76,102.86,74.55
2022-03-15,107.6,126.13,83.98,131.53,103.55,71.82
2022-03-16,107.68,125.4,83.9,132.82,104.78,71.49
2022-03-17,107.86,127.11,83.87,131.83,106.4,73.95
2022-03-18,108.1,126.72,83.85,133.44,106.4,73.88
2022-03-21,107.04,125.6,83.57,130.35,105.75,76.13
2022-03-22,106.75,125.02,83.51,128.68,106.02,75.57
2022-03-23,107.19,126.59,83.58,131.5,104.26,76.87
2022-03-24,106.95,125.81,83.555,130.47,104.92,77.06
2022-03-25,106.1,124.95,83.33,128.66,106.23,78.75
2022-03-28,106.36,124.81,83.25,129.76,107.31,76.82
2022-03-29,106.86,124.36,83.29,130.74,110.51,76.6
2022-03-30,107.15,124.97,83.35,131.76,109.71,77.49
2022-03-31,107.1,124.57,83.35,132.08,108.37,76.44
2022-04-01,106.75,123.09,83.14,132.38,110.48,77.06
2022-04-04,106.84,123.0,83.19,131.46,109.94,77.16
2022-04-05,105.76,122.11,83.04,128.49,109.4,75.95
2022-04-06,105.49,121.57,83.1,127.45,110.7,76.4
2022-04-07,105.26,121.41,83.16,126.49,109.6,77.4
2022-04-08,104.73,121.63,83.06,125.12,109.78,79.53
2022-04-11,104.28,121.42,83.08,123.14,108.6,77.14
2022-04-12,104.61,121.41,83.29,122.97,108.44,78.42
2022-04-13,104.82,121.18,83.33,123.22,109.21,79.59
2022-04-14,103.97,121.17,83.18,120.75,108.74,79.85
2022-04-18,103.65,121.13,83.18,120.15,108.3,81.02
2022-04-19,103.02,120.53,82.99,119.25,110.66,80.36
2022-04-20,103.61,121.42,83.04,121.65,112.5,80.67
